[
{
    "model": "auth.user",
    "fields": {
        "password": "pbkdf2_sha256$36000$3yZLRqGbFIX5$Lnyps0ojt7jTxfkOcI9O4LoFE9mAekQ1xfOdgBrnbck=",
        "last_login": "2018-03-15T09:02:10Z",
        "is_superuser": true,
        "username": "superuser",
        "first_name": "",
        "last_name": "",
        "email": "nice@email.com",
        "is_staff": true,
        "is_active": true,
        "date_joined": "2018-03-15T08:22:40Z",
        "groups": [],
        "user_permissions": [
            [
                "add_account",
                "OKareApp",
                "account"
            ],
            [
                "change_account",
                "OKareApp",
                "account"
            ],
            [
                "delete_account",
                "OKareApp",
                "account"
            ],
            [
                "add_completedtask",
                "OKareApp",
                "completedtask"
            ],
            [
                "change_completedtask",
                "OKareApp",
                "completedtask"
            ],
            [
                "delete_completedtask",
                "OKareApp",
                "completedtask"
            ],
            [
                "add_dailytriage",
                "OKareApp",
                "dailytriage"
            ],
            [
                "change_dailytriage",
                "OKareApp",
                "dailytriage"
            ],
            [
                "delete_dailytriage",
                "OKareApp",
                "dailytriage"
            ],
            [
                "add_nursestats",
                "OKareApp",
                "nursestats"
            ],
            [
                "change_nursestats",
                "OKareApp",
                "nursestats"
            ],
            [
                "delete_nursestats",
                "OKareApp",
                "nursestats"
            ],
            [
                "add_patient",
                "OKareApp",
                "patient"
            ],
            [
                "change_patient",
                "OKareApp",
                "patient"
            ],
            [
                "delete_patient",
                "OKareApp",
                "patient"
            ],
            [
                "add_task",
                "OKareApp",
                "task"
            ],
            [
                "change_task",
                "OKareApp",
                "task"
            ],
            [
                "delete_task",
                "OKareApp",
                "task"
            ],
            [
                "add_teams",
                "OKareApp",
                "teams"
            ],
            [
                "change_teams",
                "OKareApp",
                "teams"
            ],
            [
                "delete_teams",
                "OKareApp",
                "teams"
            ],
            [
                "add_logentry",
                "admin",
                "logentry"
            ],
            [
                "change_logentry",
                "admin",
                "logentry"
            ],
            [
                "delete_logentry",
                "admin",
                "logentry"
            ],
            [
                "add_group",
                "auth",
                "group"
            ],
            [
                "change_group",
                "auth",
                "group"
            ],
            [
                "delete_group",
                "auth",
                "group"
            ],
            [
                "add_permission",
                "auth",
                "permission"
            ],
            [
                "change_permission",
                "auth",
                "permission"
            ],
            [
                "delete_permission",
                "auth",
                "permission"
            ],
            [
                "add_user",
                "auth",
                "user"
            ],
            [
                "change_user",
                "auth",
                "user"
            ],
            [
                "delete_user",
                "auth",
                "user"
            ],
            [
                "add_contenttype",
                "contenttypes",
                "contenttype"
            ],
            [
                "change_contenttype",
                "contenttypes",
                "contenttype"
            ],
            [
                "delete_contenttype",
                "contenttypes",
                "contenttype"
            ],
            [
                "add_session",
                "sessions",
                "session"
            ],
            [
                "change_session",
                "sessions",
                "session"
            ],
            [
                "delete_session",
                "sessions",
                "session"
            ]
        ]
    }
},
{
    "model": "auth.user",
    "fields": {
        "password": "pbkdf2_sha256$36000$EBARdkCnVdEY$3X4toeKPS566hMkHvDerbAxoq3PBIbZHJE2IVpF0Bm0=",
        "last_login": null,
        "is_superuser": false,
        "username": "admin1",
        "first_name": "Hello",
        "last_name": "From",
        "email": "",
        "is_staff": false,
        "is_active": true,
        "date_joined": "2018-03-15T08:41:24Z",
        "groups": [],
        "user_permissions": [
            [
                "add_account",
                "OKareApp",
                "account"
            ],
            [
                "change_account",
                "OKareApp",
                "account"
            ],
            [
                "delete_account",
                "OKareApp",
                "account"
            ],
            [
                "add_completedtask",
                "OKareApp",
                "completedtask"
            ],
            [
                "change_completedtask",
                "OKareApp",
                "completedtask"
            ],
            [
                "delete_completedtask",
                "OKareApp",
                "completedtask"
            ],
            [
                "add_dailytriage",
                "OKareApp",
                "dailytriage"
            ],
            [
                "change_dailytriage",
                "OKareApp",
                "dailytriage"
            ],
            [
                "delete_dailytriage",
                "OKareApp",
                "dailytriage"
            ],
            [
                "add_nursestats",
                "OKareApp",
                "nursestats"
            ],
            [
                "change_nursestats",
                "OKareApp",
                "nursestats"
            ],
            [
                "delete_nursestats",
                "OKareApp",
                "nursestats"
            ],
            [
                "add_patient",
                "OKareApp",
                "patient"
            ],
            [
                "change_patient",
                "OKareApp",
                "patient"
            ],
            [
                "delete_patient",
                "OKareApp",
                "patient"
            ],
            [
                "add_task",
                "OKareApp",
                "task"
            ],
            [
                "change_task",
                "OKareApp",
                "task"
            ],
            [
                "delete_task",
                "OKareApp",
                "task"
            ],
            [
                "add_teams",
                "OKareApp",
                "teams"
            ],
            [
                "change_teams",
                "OKareApp",
                "teams"
            ],
            [
                "delete_teams",
                "OKareApp",
                "teams"
            ],
            [
                "add_logentry",
                "admin",
                "logentry"
            ],
            [
                "change_logentry",
                "admin",
                "logentry"
            ],
            [
                "delete_logentry",
                "admin",
                "logentry"
            ],
            [
                "add_group",
                "auth",
                "group"
            ],
            [
                "change_group",
                "auth",
                "group"
            ],
            [
                "delete_group",
                "auth",
                "group"
            ],
            [
                "add_permission",
                "auth",
                "permission"
            ],
            [
                "change_permission",
                "auth",
                "permission"
            ],
            [
                "delete_permission",
                "auth",
                "permission"
            ],
            [
                "add_user",
                "auth",
                "user"
            ],
            [
                "change_user",
                "auth",
                "user"
            ],
            [
                "delete_user",
                "auth",
                "user"
            ],
            [
                "add_contenttype",
                "contenttypes",
                "contenttype"
            ],
            [
                "change_contenttype",
                "contenttypes",
                "contenttype"
            ],
            [
                "delete_contenttype",
                "contenttypes",
                "contenttype"
            ],
            [
                "add_session",
                "sessions",
                "session"
            ],
            [
                "change_session",
                "sessions",
                "session"
            ],
            [
                "delete_session",
                "sessions",
                "session"
            ]
        ]
    }
},
{
    "model": "auth.user",
    "fields": {
        "password": "pbkdf2_sha256$36000$155FR488hxbq$Mwm9AUJKau08TStkCdXx4qrNfgzAAZ2CABOSDfUBjp4=",
        "last_login": null,
        "is_superuser": false,
        "username": "admin2",
        "first_name": "Nice",
        "last_name": "Lee",
        "email": "",
        "is_staff": false,
        "is_active": true,
        "date_joined": "2018-03-15T08:41:39Z",
        "groups": [],
        "user_permissions": [
            [
                "add_account",
                "OKareApp",
                "account"
            ],
            [
                "change_account",
                "OKareApp",
                "account"
            ],
            [
                "delete_account",
                "OKareApp",
                "account"
            ],
            [
                "add_completedtask",
                "OKareApp",
                "completedtask"
            ],
            [
                "change_completedtask",
                "OKareApp",
                "completedtask"
            ],
            [
                "delete_completedtask",
                "OKareApp",
                "completedtask"
            ],
            [
                "add_dailytriage",
                "OKareApp",
                "dailytriage"
            ],
            [
                "change_dailytriage",
                "OKareApp",
                "dailytriage"
            ],
            [
                "delete_dailytriage",
                "OKareApp",
                "dailytriage"
            ],
            [
                "add_nursestats",
                "OKareApp",
                "nursestats"
            ],
            [
                "change_nursestats",
                "OKareApp",
                "nursestats"
            ],
            [
                "delete_nursestats",
                "OKareApp",
                "nursestats"
            ],
            [
                "add_patient",
                "OKareApp",
                "patient"
            ],
            [
                "change_patient",
                "OKareApp",
                "patient"
            ],
            [
                "delete_patient",
                "OKareApp",
                "patient"
            ],
            [
                "add_task",
                "OKareApp",
                "task"
            ],
            [
                "change_task",
                "OKareApp",
                "task"
            ],
            [
                "delete_task",
                "OKareApp",
                "task"
            ],
            [
                "add_teams",
                "OKareApp",
                "teams"
            ],
            [
                "change_teams",
                "OKareApp",
                "teams"
            ],
            [
                "delete_teams",
                "OKareApp",
                "teams"
            ],
            [
                "add_logentry",
                "admin",
                "logentry"
            ],
            [
                "change_logentry",
                "admin",
                "logentry"
            ],
            [
                "delete_logentry",
                "admin",
                "logentry"
            ],
            [
                "add_group",
                "auth",
                "group"
            ],
            [
                "change_group",
                "auth",
                "group"
            ],
            [
                "delete_group",
                "auth",
                "group"
            ],
            [
                "add_permission",
                "auth",
                "permission"
            ],
            [
                "change_permission",
                "auth",
                "permission"
            ],
            [
                "delete_permission",
                "auth",
                "permission"
            ],
            [
                "add_user",
                "auth",
                "user"
            ],
            [
                "change_user",
                "auth",
                "user"
            ],
            [
                "delete_user",
                "auth",
                "user"
            ],
            [
                "add_contenttype",
                "contenttypes",
                "contenttype"
            ],
            [
                "change_contenttype",
                "contenttypes",
                "contenttype"
            ],
            [
                "delete_contenttype",
                "contenttypes",
                "contenttype"
            ],
            [
                "add_session",
                "sessions",
                "session"
            ],
            [
                "change_session",
                "sessions",
                "session"
            ],
            [
                "delete_session",
                "sessions",
                "session"
            ]
        ]
    }
},
{
    "model": "auth.user",
    "fields": {
        "password": "pbkdf2_sha256$36000$qla6f3efG6Rp$v32FsnRArWuB2TNz9pocV1AJIYarIEZMfbY5ZPaGkuU=",
        "last_login": null,
        "is_superuser": false,
        "username": "nurse1",
        "first_name": "Serious",
        "last_name": "Lee",
        "email": "",
        "is_staff": false,
        "is_active": true,
        "date_joined": "2018-03-15T08:41:55Z",
        "groups": [],
        "user_permissions": [
            [
                "add_account",
                "OKareApp",
                "account"
            ],
            [
                "change_account",
                "OKareApp",
                "account"
            ],
            [
                "delete_account",
                "OKareApp",
                "account"
            ],
            [
                "add_completedtask",
                "OKareApp",
                "completedtask"
            ],
            [
                "change_completedtask",
                "OKareApp",
                "completedtask"
            ],
            [
                "delete_completedtask",
                "OKareApp",
                "completedtask"
            ],
            [
                "add_dailytriage",
                "OKareApp",
                "dailytriage"
            ],
            [
                "change_dailytriage",
                "OKareApp",
                "dailytriage"
            ],
            [
                "delete_dailytriage",
                "OKareApp",
                "dailytriage"
            ],
            [
                "add_nursestats",
                "OKareApp",
                "nursestats"
            ],
            [
                "change_nursestats",
                "OKareApp",
                "nursestats"
            ],
            [
                "delete_nursestats",
                "OKareApp",
                "nursestats"
            ],
            [
                "add_patient",
                "OKareApp",
                "patient"
            ],
            [
                "change_patient",
                "OKareApp",
                "patient"
            ],
            [
                "delete_patient",
                "OKareApp",
                "patient"
            ],
            [
                "add_task",
                "OKareApp",
                "task"
            ],
            [
                "change_task",
                "OKareApp",
                "task"
            ],
            [
                "delete_task",
                "OKareApp",
                "task"
            ],
            [
                "add_teams",
                "OKareApp",
                "teams"
            ],
            [
                "change_teams",
                "OKareApp",
                "teams"
            ],
            [
                "delete_teams",
                "OKareApp",
                "teams"
            ],
            [
                "add_logentry",
                "admin",
                "logentry"
            ],
            [
                "change_logentry",
                "admin",
                "logentry"
            ],
            [
                "delete_logentry",
                "admin",
                "logentry"
            ],
            [
                "add_group",
                "auth",
                "group"
            ],
            [
                "change_group",
                "auth",
                "group"
            ],
            [
                "delete_group",
                "auth",
                "group"
            ],
            [
                "add_permission",
                "auth",
                "permission"
            ],
            [
                "change_permission",
                "auth",
                "permission"
            ],
            [
                "delete_permission",
                "auth",
                "permission"
            ],
            [
                "add_user",
                "auth",
                "user"
            ],
            [
                "change_user",
                "auth",
                "user"
            ],
            [
                "delete_user",
                "auth",
                "user"
            ],
            [
                "add_contenttype",
                "contenttypes",
                "contenttype"
            ],
            [
                "change_contenttype",
                "contenttypes",
                "contenttype"
            ],
            [
                "delete_contenttype",
                "contenttypes",
                "contenttype"
            ],
            [
                "add_session",
                "sessions",
                "session"
            ],
            [
                "change_session",
                "sessions",
                "session"
            ],
            [
                "delete_session",
                "sessions",
                "session"
            ]
        ]
    }
},
{
    "model": "auth.user",
    "fields": {
        "password": "pbkdf2_sha256$36000$oeskJ2rxq7KZ$8sVaogWD8TnU6fnBaCahqZAUAUosOPGY8mxX/7U2J38=",
        "last_login": null,
        "is_superuser": false,
        "username": "nurse2",
        "first_name": "Happy",
        "last_name": "Lee",
        "email": "",
        "is_staff": false,
        "is_active": true,
        "date_joined": "2018-03-15T08:42:18Z",
        "groups": [],
        "user_permissions": [
            [
                "add_account",
                "OKareApp",
                "account"
            ],
            [
                "change_account",
                "OKareApp",
                "account"
            ],
            [
                "delete_account",
                "OKareApp",
                "account"
            ],
            [
                "add_completedtask",
                "OKareApp",
                "completedtask"
            ],
            [
                "change_completedtask",
                "OKareApp",
                "completedtask"
            ],
            [
                "delete_completedtask",
                "OKareApp",
                "completedtask"
            ],
            [
                "add_dailytriage",
                "OKareApp",
                "dailytriage"
            ],
            [
                "change_dailytriage",
                "OKareApp",
                "dailytriage"
            ],
            [
                "delete_dailytriage",
                "OKareApp",
                "dailytriage"
            ],
            [
                "add_nursestats",
                "OKareApp",
                "nursestats"
            ],
            [
                "change_nursestats",
                "OKareApp",
                "nursestats"
            ],
            [
                "delete_nursestats",
                "OKareApp",
                "nursestats"
            ],
            [
                "add_patient",
                "OKareApp",
                "patient"
            ],
            [
                "change_patient",
                "OKareApp",
                "patient"
            ],
            [
                "delete_patient",
                "OKareApp",
                "patient"
            ],
            [
                "add_task",
                "OKareApp",
                "task"
            ],
            [
                "change_task",
                "OKareApp",
                "task"
            ],
            [
                "delete_task",
                "OKareApp",
                "task"
            ],
            [
                "add_teams",
                "OKareApp",
                "teams"
            ],
            [
                "change_teams",
                "OKareApp",
                "teams"
            ],
            [
                "delete_teams",
                "OKareApp",
                "teams"
            ],
            [
                "add_logentry",
                "admin",
                "logentry"
            ],
            [
                "change_logentry",
                "admin",
                "logentry"
            ],
            [
                "delete_logentry",
                "admin",
                "logentry"
            ],
            [
                "add_group",
                "auth",
                "group"
            ],
            [
                "change_group",
                "auth",
                "group"
            ],
            [
                "delete_group",
                "auth",
                "group"
            ],
            [
                "add_permission",
                "auth",
                "permission"
            ],
            [
                "change_permission",
                "auth",
                "permission"
            ],
            [
                "delete_permission",
                "auth",
                "permission"
            ],
            [
                "add_user",
                "auth",
                "user"
            ],
            [
                "change_user",
                "auth",
                "user"
            ],
            [
                "delete_user",
                "auth",
                "user"
            ],
            [
                "add_contenttype",
                "contenttypes",
                "contenttype"
            ],
            [
                "change_contenttype",
                "contenttypes",
                "contenttype"
            ],
            [
                "delete_contenttype",
                "contenttypes",
                "contenttype"
            ],
            [
                "add_session",
                "sessions",
                "session"
            ],
            [
                "change_session",
                "sessions",
                "session"
            ],
            [
                "delete_session",
                "sessions",
                "session"
            ]
        ]
    }
},
{
    "model": "auth.user",
    "fields": {
        "password": "pbkdf2_sha256$36000$L40v7GznUrtc$jfiFPzcYKfVdXTfplaEPZc59XG1l/goVoEybptDKeok=",
        "last_login": null,
        "is_superuser": false,
        "username": "nurse3",
        "first_name": "Sad",
        "last_name": "Lee",
        "email": "",
        "is_staff": false,
        "is_active": true,
        "date_joined": "2018-03-15T08:42:34Z",
        "groups": [],
        "user_permissions": [
            [
                "add_account",
                "OKareApp",
                "account"
            ],
            [
                "change_account",
                "OKareApp",
                "account"
            ],
            [
                "delete_account",
                "OKareApp",
                "account"
            ],
            [
                "add_completedtask",
                "OKareApp",
                "completedtask"
            ],
            [
                "change_completedtask",
                "OKareApp",
                "completedtask"
            ],
            [
                "delete_completedtask",
                "OKareApp",
                "completedtask"
            ],
            [
                "add_dailytriage",
                "OKareApp",
                "dailytriage"
            ],
            [
                "change_dailytriage",
                "OKareApp",
                "dailytriage"
            ],
            [
                "delete_dailytriage",
                "OKareApp",
                "dailytriage"
            ],
            [
                "add_nursestats",
                "OKareApp",
                "nursestats"
            ],
            [
                "change_nursestats",
                "OKareApp",
                "nursestats"
            ],
            [
                "delete_nursestats",
                "OKareApp",
                "nursestats"
            ],
            [
                "add_patient",
                "OKareApp",
                "patient"
            ],
            [
                "change_patient",
                "OKareApp",
                "patient"
            ],
            [
                "delete_patient",
                "OKareApp",
                "patient"
            ],
            [
                "add_task",
                "OKareApp",
                "task"
            ],
            [
                "change_task",
                "OKareApp",
                "task"
            ],
            [
                "delete_task",
                "OKareApp",
                "task"
            ],
            [
                "add_teams",
                "OKareApp",
                "teams"
            ],
            [
                "change_teams",
                "OKareApp",
                "teams"
            ],
            [
                "delete_teams",
                "OKareApp",
                "teams"
            ],
            [
                "add_logentry",
                "admin",
                "logentry"
            ],
            [
                "change_logentry",
                "admin",
                "logentry"
            ],
            [
                "delete_logentry",
                "admin",
                "logentry"
            ],
            [
                "add_group",
                "auth",
                "group"
            ],
            [
                "change_group",
                "auth",
                "group"
            ],
            [
                "delete_group",
                "auth",
                "group"
            ],
            [
                "add_permission",
                "auth",
                "permission"
            ],
            [
                "change_permission",
                "auth",
                "permission"
            ],
            [
                "delete_permission",
                "auth",
                "permission"
            ],
            [
                "add_user",
                "auth",
                "user"
            ],
            [
                "change_user",
                "auth",
                "user"
            ],
            [
                "delete_user",
                "auth",
                "user"
            ],
            [
                "add_contenttype",
                "contenttypes",
                "contenttype"
            ],
            [
                "change_contenttype",
                "contenttypes",
                "contenttype"
            ],
            [
                "delete_contenttype",
                "contenttypes",
                "contenttype"
            ],
            [
                "add_session",
                "sessions",
                "session"
            ],
            [
                "change_session",
                "sessions",
                "session"
            ],
            [
                "delete_session",
                "sessions",
                "session"
            ]
        ]
    }
},
{
    "model": "auth.user",
    "fields": {
        "password": "pbkdf2_sha256$36000$k2Rg9LHcIQmF$dpAWSoSAi69taF29my5zAroO0P/zOnIj7nMnYJDwkDU=",
        "last_login": null,
        "is_superuser": false,
        "username": "nurse4",
        "first_name": "Quiet",
        "last_name": "Lee",
        "email": "",
        "is_staff": false,
        "is_active": true,
        "date_joined": "2018-03-15T08:42:50Z",
        "groups": [],
        "user_permissions": [
            [
                "add_account",
                "OKareApp",
                "account"
            ],
            [
                "change_account",
                "OKareApp",
                "account"
            ],
            [
                "delete_account",
                "OKareApp",
                "account"
            ],
            [
                "add_completedtask",
                "OKareApp",
                "completedtask"
            ],
            [
                "change_completedtask",
                "OKareApp",
                "completedtask"
            ],
            [
                "delete_completedtask",
                "OKareApp",
                "completedtask"
            ],
            [
                "add_dailytriage",
                "OKareApp",
                "dailytriage"
            ],
            [
                "change_dailytriage",
                "OKareApp",
                "dailytriage"
            ],
            [
                "delete_dailytriage",
                "OKareApp",
                "dailytriage"
            ],
            [
                "add_nursestats",
                "OKareApp",
                "nursestats"
            ],
            [
                "change_nursestats",
                "OKareApp",
                "nursestats"
            ],
            [
                "delete_nursestats",
                "OKareApp",
                "nursestats"
            ],
            [
                "add_patient",
                "OKareApp",
                "patient"
            ],
            [
                "change_patient",
                "OKareApp",
                "patient"
            ],
            [
                "delete_patient",
                "OKareApp",
                "patient"
            ],
            [
                "add_task",
                "OKareApp",
                "task"
            ],
            [
                "change_task",
                "OKareApp",
                "task"
            ],
            [
                "delete_task",
                "OKareApp",
                "task"
            ],
            [
                "add_teams",
                "OKareApp",
                "teams"
            ],
            [
                "change_teams",
                "OKareApp",
                "teams"
            ],
            [
                "delete_teams",
                "OKareApp",
                "teams"
            ],
            [
                "add_logentry",
                "admin",
                "logentry"
            ],
            [
                "change_logentry",
                "admin",
                "logentry"
            ],
            [
                "delete_logentry",
                "admin",
                "logentry"
            ],
            [
                "add_group",
                "auth",
                "group"
            ],
            [
                "change_group",
                "auth",
                "group"
            ],
            [
                "delete_group",
                "auth",
                "group"
            ],
            [
                "add_permission",
                "auth",
                "permission"
            ],
            [
                "change_permission",
                "auth",
                "permission"
            ],
            [
                "delete_permission",
                "auth",
                "permission"
            ],
            [
                "add_user",
                "auth",
                "user"
            ],
            [
                "change_user",
                "auth",
                "user"
            ],
            [
                "delete_user",
                "auth",
                "user"
            ],
            [
                "add_contenttype",
                "contenttypes",
                "contenttype"
            ],
            [
                "change_contenttype",
                "contenttypes",
                "contenttype"
            ],
            [
                "delete_contenttype",
                "contenttypes",
                "contenttype"
            ],
            [
                "add_session",
                "sessions",
                "session"
            ],
            [
                "change_session",
                "sessions",
                "session"
            ],
            [
                "delete_session",
                "sessions",
                "session"
            ]
        ]
    }
},
{
    "model": "auth.user",
    "fields": {
        "password": "pbkdf2_sha256$36000$SwN8MtoA9Xct$i9M4AiOpC9mmR7FKUmf6TCJJ/4/fQdatVNtU0QMNjWI=",
        "last_login": null,
        "is_superuser": false,
        "username": "nurse5",
        "first_name": "Another",
        "last_name": "Lee",
        "email": "",
        "is_staff": false,
        "is_active": true,
        "date_joined": "2018-03-15T08:43:18Z",
        "groups": [],
        "user_permissions": [
            [
                "add_account",
                "OKareApp",
                "account"
            ],
            [
                "change_account",
                "OKareApp",
                "account"
            ],
            [
                "delete_account",
                "OKareApp",
                "account"
            ],
            [
                "add_completedtask",
                "OKareApp",
                "completedtask"
            ],
            [
                "change_completedtask",
                "OKareApp",
                "completedtask"
            ],
            [
                "delete_completedtask",
                "OKareApp",
                "completedtask"
            ],
            [
                "add_dailytriage",
                "OKareApp",
                "dailytriage"
            ],
            [
                "change_dailytriage",
                "OKareApp",
                "dailytriage"
            ],
            [
                "delete_dailytriage",
                "OKareApp",
                "dailytriage"
            ],
            [
                "add_nursestats",
                "OKareApp",
                "nursestats"
            ],
            [
                "change_nursestats",
                "OKareApp",
                "nursestats"
            ],
            [
                "delete_nursestats",
                "OKareApp",
                "nursestats"
            ],
            [
                "add_patient",
                "OKareApp",
                "patient"
            ],
            [
                "change_patient",
                "OKareApp",
                "patient"
            ],
            [
                "delete_patient",
                "OKareApp",
                "patient"
            ],
            [
                "add_task",
                "OKareApp",
                "task"
            ],
            [
                "change_task",
                "OKareApp",
                "task"
            ],
            [
                "delete_task",
                "OKareApp",
                "task"
            ],
            [
                "add_teams",
                "OKareApp",
                "teams"
            ],
            [
                "change_teams",
                "OKareApp",
                "teams"
            ],
            [
                "delete_teams",
                "OKareApp",
                "teams"
            ],
            [
                "add_logentry",
                "admin",
                "logentry"
            ],
            [
                "change_logentry",
                "admin",
                "logentry"
            ],
            [
                "delete_logentry",
                "admin",
                "logentry"
            ],
            [
                "add_group",
                "auth",
                "group"
            ],
            [
                "change_group",
                "auth",
                "group"
            ],
            [
                "delete_group",
                "auth",
                "group"
            ],
            [
                "add_permission",
                "auth",
                "permission"
            ],
            [
                "change_permission",
                "auth",
                "permission"
            ],
            [
                "delete_permission",
                "auth",
                "permission"
            ],
            [
                "add_user",
                "auth",
                "user"
            ],
            [
                "change_user",
                "auth",
                "user"
            ],
            [
                "delete_user",
                "auth",
                "user"
            ],
            [
                "add_contenttype",
                "contenttypes",
                "contenttype"
            ],
            [
                "change_contenttype",
                "contenttypes",
                "contenttype"
            ],
            [
                "delete_contenttype",
                "contenttypes",
                "contenttype"
            ],
            [
                "add_session",
                "sessions",
                "session"
            ],
            [
                "change_session",
                "sessions",
                "session"
            ],
            [
                "delete_session",
                "sessions",
                "session"
            ]
        ]
    }
},
{
    "model": "sessions.session",
    "pk": "2qw75xz8x8pj0cnlguemqn489vpncs61",
    "fields": {
        "session_data": "YWJmZWJiN2VlNDE3NDRmNmMwOTM5YTY1NDgyM2VjNDkxYmIwZjVjZDp7Il9hdXRoX3VzZXJfaWQiOiIxIiwiX2F1dGhfdXNlcl9iYWNrZW5kIjoiZGphbmdvLmNvbnRyaWIuYXV0aC5iYWNrZW5kcy5Nb2RlbEJhY2tlbmQiLCJfYXV0aF91c2VyX2hhc2giOiIzZjcwZTg1ZjVjZGQyNWZmMzE3ODBhYTk2ZmMyZjMyZDUwZjI4NTBlIn0=",
        "expire_date": "2018-03-29T08:27:43.980Z"
    }
},
{
    "model": "sessions.session",
    "pk": "potlnelbe8n9cwlu4jpvc084z22qer5j",
    "fields": {
        "session_data": "YWJmZWJiN2VlNDE3NDRmNmMwOTM5YTY1NDgyM2VjNDkxYmIwZjVjZDp7Il9hdXRoX3VzZXJfaWQiOiIxIiwiX2F1dGhfdXNlcl9iYWNrZW5kIjoiZGphbmdvLmNvbnRyaWIuYXV0aC5iYWNrZW5kcy5Nb2RlbEJhY2tlbmQiLCJfYXV0aF91c2VyX2hhc2giOiIzZjcwZTg1ZjVjZGQyNWZmMzE3ODBhYTk2ZmMyZjMyZDUwZjI4NTBlIn0=",
        "expire_date": "2018-03-29T09:02:10.413Z"
    }
},
{
    "model": "OKareApp.teams",
    "pk": 1,
    "fields": {
        "name": "Nice",
        "ward": "12"
    }
},
{
    "model": "OKareApp.teams",
    "pk": 2,
    "fields": {
        "name": "SERIOUS LEE",
        "ward": "123"
    }
},
{
    "model": "OKareApp.teams",
    "pk": 3,
    "fields": {
        "name": "LEE WARRIORS",
        "ward": "maybe 1"
    }
},
{
    "model": "OKareApp.teams",
    "pk": 4,
    "fields": {
        "name": "LEE SLAVES",
        "ward": "ALL"
    }
},
{
    "model": "OKareApp.account",
    "pk": "S9223432G",
    "fields": {
        "user": [
            "admin1"
        ],
        "date_of_birth": "1976-03-29T09:23:05.756Z",
        "street": "STREET",
        "city": "Singapore",
        "state": "Singapore",
        "zip_code": "912032",
        "phoneNo": "97612302",
        "type": "Admin",
        "team": null
    }
},
{
    "model": "OKareApp.account",
    "pk": "S9232342G",
    "fields": {
        "user": [
            "nurse3"
        ],
        "date_of_birth": "1980-03-29T09:23:05.756Z",
        "street": "THIS",
        "city": "Singapore",
        "state": "Singapore",
        "zip_code": "672030",
        "phoneNo": "91273752",
        "type": "Nurse",
        "team": 4
    }
},
{
    "model": "OKareApp.account",
    "pk": "S9234232G",
    "fields": {
        "user": [
            "nurse4"
        ],
        "date_of_birth": "1978-03-29T09:23:05.756Z",
        "street": "SHIT",
        "city": "Singapore",
        "state": "Singapore",
        "zip_code": "672030",
        "phoneNo": "90123234",
        "type": "Nurse",
        "team": 2
    }
},
{
    "model": "OKareApp.account",
    "pk": "S9673132G",
    "fields": {
        "user": [
            "superuser"
        ],
        "date_of_birth": "1990-03-29T09:23:05.756Z",
        "street": "UR MOM",
        "city": "Singapore",
        "state": "Singapore",
        "zip_code": "912032",
        "phoneNo": "81230123",
        "type": "Admin",
        "team": null
    }
},
{
    "model": "OKareApp.account",
    "pk": "S9765453G",
    "fields": {
        "user": [
            "nurse1"
        ],
        "date_of_birth": "1991-03-29T09:23:05.756Z",
        "street": "DONT",
        "city": "Singapore",
        "state": "Singapore",
        "zip_code": "676239",
        "phoneNo": "90234791",
        "type": "Nurse",
        "team": 2
    }
},
{
    "model": "OKareApp.account",
    "pk": "S9845624G",
    "fields": {
        "user": [
            "nurse2"
        ],
        "date_of_birth": "1976-03-29T09:23:05.756Z",
        "street": "CARE",
        "city": "Singapore",
        "state": "Singapore",
        "zip_code": "672030",
        "phoneNo": "86712332",
        "type": "Nurse",
        "team": 3
    }
},
{
    "model": "OKareApp.account",
    "pk": "S9898898G",
    "fields": {
        "user": [
            "admin2"
        ],
        "date_of_birth": "1991-03-29T09:23:05.756Z",
        "street": "I",
        "city": "Singapore",
        "state": "Singapore",
        "zip_code": "876238",
        "phoneNo": "85623123",
        "type": "Nurse",
        "team": 1
    }
},
{
    "model": "OKareApp.patient",
    "pk": "S1231234G",
    "fields": {
        "first_name": "SERIOUS",
        "last_name": "LEE",
        "ward": "1",
        "bed": 2,
        "team": 1
    }
},
{
    "model": "OKareApp.patient",
    "pk": "S2956234G",
    "fields": {
        "first_name": "HAPPY",
        "last_name": "LEE",
        "ward": "1",
        "bed": 2,
        "team": 3
    }
},
{
    "model": "OKareApp.patient",
    "pk": "S3232334G",
    "fields": {
        "first_name": "QUIET",
        "last_name": "LEE",
        "ward": "1",
        "bed": 3,
        "team": 1
    }
},
{
    "model": "OKareApp.patient",
    "pk": "S4234234G",
    "fields": {
        "first_name": "SAD",
        "last_name": "LEE",
        "ward": "1",
        "bed": 5,
        "team": 2
    }
},
{
    "model": "OKareApp.patient",
    "pk": "S5562334G",
    "fields": {
        "first_name": "HEN",
        "last_name": "LEE",
        "ward": "1",
        "bed": 4,
        "team": 3
    }
},
{
    "model": "OKareApp.patient",
    "pk": "S6731234G",
    "fields": {
        "first_name": "BENT",
        "last_name": "LEE",
        "ward": "1",
        "bed": 3,
        "team": 2
    }
},
{
    "model": "OKareApp.patient",
    "pk": "S7831234G",
    "fields": {
        "first_name": "FREE",
        "last_name": "LEE",
        "ward": "1",
        "bed": 2,
        "team": 4
    }
},
{
    "model": "OKareApp.patient",
    "pk": "S8456234G",
    "fields": {
        "first_name": "ANGRY",
        "last_name": "LEE",
        "ward": "1",
        "bed": 2,
        "team": 4
    }
},
{
    "model": "OKareApp.patient",
    "pk": "S9678234G",
    "fields": {
        "first_name": "HANDSOME",
        "last_name": "LEE",
        "ward": "1",
        "bed": 3,
        "team": 2
    }
},
{
    "model": "OKareApp.task",
    "pk": 1,
    "fields": {
        "title": "Breakfast",
        "patient": "S1231234G",
        "recur_type": "Daily",
        "category": "Food",
        "start_time": "08:00:00",
        "duration": "00:00:30",
        "day": "Monday",
        "date": "2018-03-12"
    }
},
{
    "model": "OKareApp.task",
    "pk": 2,
    "fields": {
        "title": "Lunch",
        "patient": "S1231234G",
        "recur_type": "Daily",
        "category": "Food",
        "start_time": "12:00:00",
        "duration": "00:00:30",
        "day": "Monday",
        "date": "2018-03-12"
    }
},
{
    "model": "OKareApp.task",
    "pk": 3,
    "fields": {
        "title": "Dinner",
        "patient": "S1231234G",
        "recur_type": "Daily",
        "category": "Food",
        "start_time": "23:59:59",
        "duration": "00:00:30",
        "day": "Monday",
        "date": "2018-03-12"
    }
},
{
    "model": "OKareApp.task",
    "pk": 4,
    "fields": {
        "title": "Breakfast",
        "patient": "S2956234G",
        "recur_type": "Daily",
        "category": "Food",
        "start_time": "08:00:00",
        "duration": "00:00:30",
        "day": "Monday",
        "date": "2018-03-12"
    }
},
{
    "model": "OKareApp.task",
    "pk": 5,
    "fields": {
        "title": "Lunch",
        "patient": "S2956234G",
        "recur_type": "Daily",
        "category": "Food",
        "start_time": "12:00:00",
        "duration": "00:00:30",
        "day": "Monday",
        "date": "2018-03-12"
    }
},
{
    "model": "OKareApp.task",
    "pk": 6,
    "fields": {
        "title": "Dinner",
        "patient": "S2956234G",
        "recur_type": "Daily",
        "category": "Food",
        "start_time": "23:59:59",
        "duration": "00:00:30",
        "day": "Monday",
        "date": "2018-03-12"
    }
},
{
    "model": "OKareApp.task",
    "pk": 7,
    "fields": {
        "title": "Breakfast",
        "patient": "S3232334G",
        "recur_type": "Daily",
        "category": "Food",
        "start_time": "08:00:00",
        "duration": "00:00:30",
        "day": "Monday",
        "date": "2018-03-12"
    }
},
{
    "model": "OKareApp.task",
    "pk": 8,
    "fields": {
        "title": "Lunch",
        "patient": "S3232334G",
        "recur_type": "Daily",
        "category": "Food",
        "start_time": "12:00:00",
        "duration": "00:00:30",
        "day": "Monday",
        "date": "2018-03-12"
    }
},
{
    "model": "OKareApp.task",
    "pk": 9,
    "fields": {
        "title": "Dinner",
        "patient": "S3232334G",
        "recur_type": "Daily",
        "category": "Food",
        "start_time": "23:59:59",
        "duration": "00:00:30",
        "day": "Monday",
        "date": "2018-03-12"
    }
},
{
    "model": "OKareApp.task",
    "pk": 10,
    "fields": {
        "title": "Breakfast",
        "patient": "S3232334G",
        "recur_type": "Daily",
        "category": "Food",
        "start_time": "08:00:00",
        "duration": "00:00:30",
        "day": "Monday",
        "date": "2018-03-12"
    }
},
{
    "model": "OKareApp.task",
    "pk": 11,
    "fields": {
        "title": "Lunch",
        "patient": "S3232334G",
        "recur_type": "Daily",
        "category": "Food",
        "start_time": "12:00:00",
        "duration": "00:00:30",
        "day": "Monday",
        "date": "2018-03-12"
    }
},
{
    "model": "OKareApp.task",
    "pk": 12,
    "fields": {
        "title": "Dinner",
        "patient": "S3232334G",
        "recur_type": "Daily",
        "category": "Food",
        "start_time": "23:59:59",
        "duration": "00:00:30",
        "day": "Monday",
        "date": "2018-03-12"
    }
},
{
    "model": "OKareApp.task",
    "pk": 13,
    "fields": {
        "title": "Breakfast",
        "patient": "S5562334G",
        "recur_type": "Daily",
        "category": "Food",
        "start_time": "08:00:00",
        "duration": "00:00:30",
        "day": "Monday",
        "date": "2018-03-12"
    }
},
{
    "model": "OKareApp.task",
    "pk": 14,
    "fields": {
        "title": "Lunch",
        "patient": "S5562334G",
        "recur_type": "Daily",
        "category": "Food",
        "start_time": "12:00:00",
        "duration": "00:00:30",
        "day": "Monday",
        "date": "2018-03-12"
    }
},
{
    "model": "OKareApp.task",
    "pk": 15,
    "fields": {
        "title": "Dinner",
        "patient": "S5562334G",
        "recur_type": "Daily",
        "category": "Food",
        "start_time": "23:59:59",
        "duration": "00:00:30",
        "day": "Monday",
        "date": "2018-03-12"
    }
},
{
    "model": "OKareApp.task",
    "pk": 16,
    "fields": {
        "title": "Breakfast",
        "patient": "S6731234G",
        "recur_type": "Daily",
        "category": "Food",
        "start_time": "08:00:00",
        "duration": "00:00:30",
        "day": "Monday",
        "date": "2018-03-12"
    }
},
{
    "model": "OKareApp.task",
    "pk": 17,
    "fields": {
        "title": "Lunch",
        "patient": "S6731234G",
        "recur_type": "Daily",
        "category": "Food",
        "start_time": "12:00:00",
        "duration": "00:00:30",
        "day": "Monday",
        "date": "2018-03-12"
    }
},
{
    "model": "OKareApp.task",
    "pk": 18,
    "fields": {
        "title": "Dinner",
        "patient": "S6731234G",
        "recur_type": "Daily",
        "category": "Food",
        "start_time": "23:59:59",
        "duration": "00:00:30",
        "day": "Monday",
        "date": "2018-03-12"
    }
},
{
    "model": "OKareApp.ongoingtask",
    "pk": 1,
    "fields": {
        "task": 1,
        "nurse": "S9232342G"
    }
},
{
    "model": "OKareApp.ongoingtask",
    "pk": 2,
    "fields": {
        "task": 2,
        "nurse": "S9234232G"
    }
},
{
    "model": "OKareApp.ongoingtask",
    "pk": 3,
    "fields": {
        "task": 3,
        "nurse": "S9845624G"
    }
},
{
    "model": "OKareApp.ongoingtask",
    "pk": 4,
    "fields": {
        "task": 4,
        "nurse": "S9898898G"
    }
},
{
    "model": "OKareApp.completedtask",
    "pk": 1,
    "fields": {
        "task": 1,
        "nurse": "S9234232G",
        "duration": "00:00:04.000004",
        "date": "2018-03-16"
    }
},
{
    "model": "OKareApp.completedtask",
    "pk": 2,
    "fields": {
        "task": 2,
        "nurse": "S9845624G",
        "duration": "00:00:04.000004",
        "date": "2018-03-16"
    }
},
{
    "model": "OKareApp.completedtask",
    "pk": 3,
    "fields": {
        "task": 3,
        "nurse": "S9898898G",
        "duration": "00:00:04.000004",
        "date": "2018-03-16"
    }
},
{
    "model": "OKareApp.completedtask",
    "pk": 4,
    "fields": {
        "task": 4,
        "nurse": "S9765453G",
        "duration": "00:00:04.000004",
        "date": "2018-03-16"
    }
},
{
    "model": "OKareApp.completedtask",
    "pk": 5,
    "fields": {
        "task": 1,
        "nurse": "S9845624G",
        "duration": "00:00:04.000004",
        "date": "2018-03-16"
    }
},
{
    "model": "OKareApp.completedtask",
    "pk": 6,
    "fields": {
        "task": 2,
        "nurse": "S9845624G",
        "duration": "00:00:04.000004",
        "date": "2018-03-16"
    }
},
{
    "model": "OKareApp.completedtask",
    "pk": 7,
    "fields": {
        "task": 3,
        "nurse": "S9765453G",
        "duration": "00:00:04.000004",
        "date": "2018-03-16"
    }
},
{
    "model": "OKareApp.completedtask",
    "pk": 8,
    "fields": {
        "task": 4,
        "nurse": "S9234232G",
        "duration": "00:00:04.000004",
        "date": "2018-03-16"
    }
},
{
    "model": "OKareApp.completedtask",
    "pk": 9,
    "fields": {
        "task": 5,
        "nurse": "S9232342G",
        "duration": "00:00:04.000004",
        "date": "2018-03-16"
    }
},
{
    "model": "admin.logentry",
    "pk": 1,
    "fields": {
        "action_time": "1956-03-15T09:23:05.756Z",
        "user": [
            "superuser"
        ],
        "content_type": [
            "auth",
            "user"
        ],
        "object_id": "2",
        "object_repr": "admin1",
        "action_flag": 2,
        "change_message": "[]"
    }
},
{
    "model": "admin.logentry",
    "pk": 2,
    "fields": {
        "action_time": "1967-03-15T09:23:11.917Z",
        "user": [
            "superuser"
        ],
        "content_type": [
            "auth",
            "user"
        ],
        "object_id": "3",
        "object_repr": "admin2",
        "action_flag": 2,
        "change_message": "[]"
    }
},
{
    "model": "admin.logentry",
    "pk": 3,
    "fields": {
        "action_time": "1982-03-15T09:23:17.790Z",
        "user": [
            "superuser"
        ],
        "content_type": [
            "auth",
            "user"
        ],
        "object_id": "4",
        "object_repr": "nurse1",
        "action_flag": 2,
        "change_message": "[]"
    }
},
{
    "model": "admin.logentry",
    "pk": 4,
    "fields": {
        "action_time": "1965-03-15T09:23:24.531Z",
        "user": [
            "superuser"
        ],
        "content_type": [
            "auth",
            "user"
        ],
        "object_id": "5",
        "object_repr": "nurse2",
        "action_flag": 2,
        "change_message": "[]"
    }
},
{
    "model": "admin.logentry",
    "pk": 5,
    "fields": {
        "action_time": "1945-03-15T09:23:29.832Z",
        "user": [
            "superuser"
        ],
        "content_type": [
            "auth",
            "user"
        ],
        "object_id": "7",
        "object_repr": "nurse4",
        "action_flag": 2,
        "change_message": "[]"
    }
},
{
    "model": "admin.logentry",
    "pk": 6,
    "fields": {
        "action_time": "1956-03-15T09:23:34.949Z",
        "user": [
            "superuser"
        ],
        "content_type": [
            "auth",
            "user"
        ],
        "object_id": "8",
        "object_repr": "nurse5",
        "action_flag": 2,
        "change_message": "[]"
    }
},
{
    "model": "admin.logentry",
    "pk": 7,
    "fields": {
        "action_time": "1968-03-15T09:23:40.602Z",
        "user": [
            "superuser"
        ],
        "content_type": [
            "auth",
            "user"
        ],
        "object_id": "1",
        "object_repr": "superuser",
        "action_flag": 2,
        "change_message": "[]"
    }
},
{
    "model": "admin.logentry",
    "pk": 8,
    "fields": {
        "action_time": "1953-03-15T09:23:46.339Z",
        "user": [
            "superuser"
        ],
        "content_type": [
            "auth",
            "user"
        ],
        "object_id": "6",
        "object_repr": "nurse3",
        "action_flag": 2,
        "change_message": "[]"
    }
},
{
    "model": "admin.logentry",
    "pk": 9,
    "fields": {
        "action_time": "1990-03-15T09:23:51.333Z",
        "user": [
            "superuser"
        ],
        "content_type": [
            "auth",
            "user"
        ],
        "object_id": "4",
        "object_repr": "nurse1",
        "action_flag": 2,
        "change_message": "[]"
    }
},
{
    "model": "admin.logentry",
    "pk": 10,
    "fields": {
        "action_time": "2018-03-16T06:35:54.397Z",
        "user": [
            "superuser"
        ],
        "content_type": [
            "OKareApp",
            "task"
        ],
        "object_id": "1",
        "object_repr": "Task object",
        "action_flag": 1,
        "change_message": "[{\"added\": {}}]"
    }
},
{
    "model": "admin.logentry",
    "pk": 11,
    "fields": {
        "action_time": "2018-03-16T10:57:10.424Z",
        "user": [
            "superuser"
        ],
        "content_type": [
            "OKareApp",
            "completedtask"
        ],
        "object_id": "9",
        "object_repr": "CompletedTask object",
        "action_flag": 2,
        "change_message": "[{\"changed\": {\"fields\": [\"nurse\", \"date\"]}}]"
    }
},
{
    "model": "admin.logentry",
    "pk": 12,
    "fields": {
        "action_time": "2018-03-16T10:57:11.481Z",
        "user": [
            "superuser"
        ],
        "content_type": [
            "OKareApp",
            "completedtask"
        ],
        "object_id": "9",
        "object_repr": "CompletedTask object",
        "action_flag": 2,
        "change_message": "[]"
    }
},
{
    "model": "admin.logentry",
    "pk": 13,
    "fields": {
        "action_time": "2018-03-16T10:57:31.042Z",
        "user": [
            "superuser"
        ],
        "content_type": [
            "OKareApp",
            "completedtask"
        ],
        "object_id": "8",
        "object_repr": "CompletedTask object",
        "action_flag": 2,
        "change_message": "[{\"changed\": {\"fields\": [\"nurse\", \"duration\", \"date\"]}}]"
    }
},
{
    "model": "admin.logentry",
    "pk": 14,
    "fields": {
        "action_time": "2018-03-16T10:57:39.680Z",
        "user": [
            "superuser"
        ],
        "content_type": [
            "OKareApp",
            "completedtask"
        ],
        "object_id": "7",
        "object_repr": "CompletedTask object",
        "action_flag": 2,
        "change_message": "[{\"changed\": {\"fields\": [\"nurse\", \"date\"]}}]"
    }
},
{
    "model": "admin.logentry",
    "pk": 15,
    "fields": {
        "action_time": "2018-03-16T10:57:45.323Z",
        "user": [
            "superuser"
        ],
        "content_type": [
            "OKareApp",
            "completedtask"
        ],
        "object_id": "6",
        "object_repr": "CompletedTask object",
        "action_flag": 2,
        "change_message": "[{\"changed\": {\"fields\": [\"nurse\", \"date\"]}}]"
    }
},
{
    "model": "admin.logentry",
    "pk": 16,
    "fields": {
        "action_time": "2018-03-16T10:57:50.540Z",
        "user": [
            "superuser"
        ],
        "content_type": [
            "OKareApp",
            "completedtask"
        ],
        "object_id": "3",
        "object_repr": "CompletedTask object",
        "action_flag": 2,
        "change_message": "[{\"changed\": {\"fields\": [\"nurse\", \"date\"]}}]"
    }
},
{
    "model": "admin.logentry",
    "pk": 17,
    "fields": {
        "action_time": "2018-03-16T10:57:54.962Z",
        "user": [
            "superuser"
        ],
        "content_type": [
            "OKareApp",
            "completedtask"
        ],
        "object_id": "1",
        "object_repr": "CompletedTask object",
        "action_flag": 2,
        "change_message": "[{\"changed\": {\"fields\": [\"nurse\", \"date\"]}}]"
    }
},
{
    "model": "admin.logentry",
    "pk": 18,
    "fields": {
        "action_time": "2018-03-16T10:57:59.522Z",
        "user": [
            "superuser"
        ],
        "content_type": [
            "OKareApp",
            "completedtask"
        ],
        "object_id": "2",
        "object_repr": "CompletedTask object",
        "action_flag": 2,
        "change_message": "[{\"changed\": {\"fields\": [\"nurse\", \"date\"]}}]"
    }
},
{
    "model": "admin.logentry",
    "pk": 19,
    "fields": {
        "action_time": "2018-03-16T10:58:03.961Z",
        "user": [
            "superuser"
        ],
        "content_type": [
            "OKareApp",
            "completedtask"
        ],
        "object_id": "6",
        "object_repr": "CompletedTask object",
        "action_flag": 2,
        "change_message": "[]"
    }
},
{
    "model": "admin.logentry",
    "pk": 20,
    "fields": {
        "action_time": "2018-03-16T10:58:05.823Z",
        "user": [
            "superuser"
        ],
        "content_type": [
            "OKareApp",
            "completedtask"
        ],
        "object_id": "9",
        "object_repr": "CompletedTask object",
        "action_flag": 2,
        "change_message": "[]"
    }
},
{
    "model": "admin.logentry",
    "pk": 21,
    "fields": {
        "action_time": "2018-03-16T10:58:07.928Z",
        "user": [
            "superuser"
        ],
        "content_type": [
            "OKareApp",
            "completedtask"
        ],
        "object_id": "8",
        "object_repr": "CompletedTask object",
        "action_flag": 2,
        "change_message": "[]"
    }
},
{
    "model": "admin.logentry",
    "pk": 22,
    "fields": {
        "action_time": "2018-03-16T10:58:10.045Z",
        "user": [
            "superuser"
        ],
        "content_type": [
            "OKareApp",
            "completedtask"
        ],
        "object_id": "7",
        "object_repr": "CompletedTask object",
        "action_flag": 2,
        "change_message": "[]"
    }
},
{
    "model": "admin.logentry",
    "pk": 23,
    "fields": {
        "action_time": "2018-03-16T10:58:12.453Z",
        "user": [
            "superuser"
        ],
        "content_type": [
            "OKareApp",
            "completedtask"
        ],
        "object_id": "6",
        "object_repr": "CompletedTask object",
        "action_flag": 2,
        "change_message": "[]"
    }
},
{
    "model": "admin.logentry",
    "pk": 24,
    "fields": {
        "action_time": "2018-03-16T10:58:18.479Z",
        "user": [
            "superuser"
        ],
        "content_type": [
            "OKareApp",
            "completedtask"
        ],
        "object_id": "5",
        "object_repr": "CompletedTask object",
        "action_flag": 2,
        "change_message": "[{\"changed\": {\"fields\": [\"nurse\", \"date\"]}}]"
    }
},
{
    "model": "admin.logentry",
    "pk": 25,
    "fields": {
        "action_time": "2018-03-16T10:58:25.764Z",
        "user": [
            "superuser"
        ],
        "content_type": [
            "OKareApp",
            "completedtask"
        ],
        "object_id": "4",
        "object_repr": "CompletedTask object",
        "action_flag": 2,
        "change_message": "[{\"changed\": {\"fields\": [\"nurse\", \"date\"]}}]"
    }
},
{
    "model": "admin.logentry",
    "pk": 26,
    "fields": {
        "action_time": "2018-03-16T10:58:31.574Z",
        "user": [
            "superuser"
        ],
        "content_type": [
            "OKareApp",
            "completedtask"
        ],
        "object_id": "3",
        "object_repr": "CompletedTask object",
        "action_flag": 2,
        "change_message": "[]"
    }
},
{
    "model": "admin.logentry",
    "pk": 27,
    "fields": {
        "action_time": "2018-03-16T10:58:37.823Z",
        "user": [
            "superuser"
        ],
        "content_type": [
            "OKareApp",
            "completedtask"
        ],
        "object_id": "2",
        "object_repr": "CompletedTask object",
        "action_flag": 2,
        "change_message": "[]"
    }
},
{
    "model": "admin.logentry",
    "pk": 28,
    "fields": {
        "action_time": "2018-03-16T10:58:39.921Z",
        "user": [
            "superuser"
        ],
        "content_type": [
            "OKareApp",
            "completedtask"
        ],
        "object_id": "1",
        "object_repr": "CompletedTask object",
        "action_flag": 2,
        "change_message": "[]"
    }
}
]
