[
{
    "model": "auth.user",
    "fields": {
        "password": "pbkdf2_sha256$36000$3yZLRqGbFIX5$Lnyps0ojt7jTxfkOcI9O4LoFE9mAekQ1xfOdgBrnbck=",
        "last_login": "2018-03-15T09:02:10Z",
        "is_superuser": true,
        "username": "superuser",
        "first_name": "",
        "last_name": "",
        "email": "nice@email.com",
        "is_staff": true,
        "is_active": true,
        "date_joined": "2018-03-15T08:22:40Z",
        "groups": [],
        "user_permissions": [
            [
                "add_account",
                "OKareApp",
                "account"
            ],
            [
                "change_account",
                "OKareApp",
                "account"
            ],
            [
                "delete_account",
                "OKareApp",
                "account"
            ],
            [
                "add_completedtask",
                "OKareApp",
                "completedtask"
            ],
            [
                "change_completedtask",
                "OKareApp",
                "completedtask"
            ],
            [
                "delete_completedtask",
                "OKareApp",
                "completedtask"
            ],
            [
                "add_dailytriage",
                "OKareApp",
                "dailytriage"
            ],
            [
                "change_dailytriage",
                "OKareApp",
                "dailytriage"
            ],
            [
                "delete_dailytriage",
                "OKareApp",
                "dailytriage"
            ],
            [
                "add_nursestats",
                "OKareApp",
                "nursestats"
            ],
            [
                "change_nursestats",
                "OKareApp",
                "nursestats"
            ],
            [
                "delete_nursestats",
                "OKareApp",
                "nursestats"
            ],
            [
                "add_patient",
                "OKareApp",
                "patient"
            ],
            [
                "change_patient",
                "OKareApp",
                "patient"
            ],
            [
                "delete_patient",
                "OKareApp",
                "patient"
            ],
            [
                "add_task",
                "OKareApp",
                "task"
            ],
            [
                "change_task",
                "OKareApp",
                "task"
            ],
            [
                "delete_task",
                "OKareApp",
                "task"
            ],
            [
                "add_teams",
                "OKareApp",
                "teams"
            ],
            [
                "change_teams",
                "OKareApp",
                "teams"
            ],
            [
                "delete_teams",
                "OKareApp",
                "teams"
            ],
            [
                "add_logentry",
                "admin",
                "logentry"
            ],
            [
                "change_logentry",
                "admin",
                "logentry"
            ],
            [
                "delete_logentry",
                "admin",
                "logentry"
            ],
            [
                "add_group",
                "auth",
                "group"
            ],
            [
                "change_group",
                "auth",
                "group"
            ],
            [
                "delete_group",
                "auth",
                "group"
            ],
            [
                "add_permission",
                "auth",
                "permission"
            ],
            [
                "change_permission",
                "auth",
                "permission"
            ],
            [
                "delete_permission",
                "auth",
                "permission"
            ],
            [
                "add_user",
                "auth",
                "user"
            ],
            [
                "change_user",
                "auth",
                "user"
            ],
            [
                "delete_user",
                "auth",
                "user"
            ],
            [
                "add_contenttype",
                "contenttypes",
                "contenttype"
            ],
            [
                "change_contenttype",
                "contenttypes",
                "contenttype"
            ],
            [
                "delete_contenttype",
                "contenttypes",
                "contenttype"
            ],
            [
                "add_session",
                "sessions",
                "session"
            ],
            [
                "change_session",
                "sessions",
                "session"
            ],
            [
                "delete_session",
                "sessions",
                "session"
            ]
        ]
    }
},
{
    "model": "auth.user",
    "fields": {
        "password": "pbkdf2_sha256$36000$EBARdkCnVdEY$3X4toeKPS566hMkHvDerbAxoq3PBIbZHJE2IVpF0Bm0=",
        "last_login": null,
        "is_superuser": false,
        "username": "admin1",
        "first_name": "Hello",
        "last_name": "From",
        "email": "",
        "is_staff": false,
        "is_active": true,
        "date_joined": "2018-03-15T08:41:24Z",
        "groups": [],
        "user_permissions": [
            [
                "add_account",
                "OKareApp",
                "account"
            ],
            [
                "change_account",
                "OKareApp",
                "account"
            ],
            [
                "delete_account",
                "OKareApp",
                "account"
            ],
            [
                "add_completedtask",
                "OKareApp",
                "completedtask"
            ],
            [
                "change_completedtask",
                "OKareApp",
                "completedtask"
            ],
            [
                "delete_completedtask",
                "OKareApp",
                "completedtask"
            ],
            [
                "add_dailytriage",
                "OKareApp",
                "dailytriage"
            ],
            [
                "change_dailytriage",
                "OKareApp",
                "dailytriage"
            ],
            [
                "delete_dailytriage",
                "OKareApp",
                "dailytriage"
            ],
            [
                "add_nursestats",
                "OKareApp",
                "nursestats"
            ],
            [
                "change_nursestats",
                "OKareApp",
                "nursestats"
            ],
            [
                "delete_nursestats",
                "OKareApp",
                "nursestats"
            ],
            [
                "add_patient",
                "OKareApp",
                "patient"
            ],
            [
                "change_patient",
                "OKareApp",
                "patient"
            ],
            [
                "delete_patient",
                "OKareApp",
                "patient"
            ],
            [
                "add_task",
                "OKareApp",
                "task"
            ],
            [
                "change_task",
                "OKareApp",
                "task"
            ],
            [
                "delete_task",
                "OKareApp",
                "task"
            ],
            [
                "add_teams",
                "OKareApp",
                "teams"
            ],
            [
                "change_teams",
                "OKareApp",
                "teams"
            ],
            [
                "delete_teams",
                "OKareApp",
                "teams"
            ],
            [
                "add_logentry",
                "admin",
                "logentry"
            ],
            [
                "change_logentry",
                "admin",
                "logentry"
            ],
            [
                "delete_logentry",
                "admin",
                "logentry"
            ],
            [
                "add_group",
                "auth",
                "group"
            ],
            [
                "change_group",
                "auth",
                "group"
            ],
            [
                "delete_group",
                "auth",
                "group"
            ],
            [
                "add_permission",
                "auth",
                "permission"
            ],
            [
                "change_permission",
                "auth",
                "permission"
            ],
            [
                "delete_permission",
                "auth",
                "permission"
            ],
            [
                "add_user",
                "auth",
                "user"
            ],
            [
                "change_user",
                "auth",
                "user"
            ],
            [
                "delete_user",
                "auth",
                "user"
            ],
            [
                "add_contenttype",
                "contenttypes",
                "contenttype"
            ],
            [
                "change_contenttype",
                "contenttypes",
                "contenttype"
            ],
            [
                "delete_contenttype",
                "contenttypes",
                "contenttype"
            ],
            [
                "add_session",
                "sessions",
                "session"
            ],
            [
                "change_session",
                "sessions",
                "session"
            ],
            [
                "delete_session",
                "sessions",
                "session"
            ]
        ]
    }
},
{
    "model": "auth.user",
    "fields": {
        "password": "pbkdf2_sha256$36000$155FR488hxbq$Mwm9AUJKau08TStkCdXx4qrNfgzAAZ2CABOSDfUBjp4=",
        "last_login": null,
        "is_superuser": false,
        "username": "admin2",
        "first_name": "Nice",
        "last_name": "Lee",
        "email": "",
        "is_staff": false,
        "is_active": true,
        "date_joined": "2018-03-15T08:41:39Z",
        "groups": [],
        "user_permissions": [
            [
                "add_account",
                "OKareApp",
                "account"
            ],
            [
                "change_account",
                "OKareApp",
                "account"
            ],
            [
                "delete_account",
                "OKareApp",
                "account"
            ],
            [
                "add_completedtask",
                "OKareApp",
                "completedtask"
            ],
            [
                "change_completedtask",
                "OKareApp",
                "completedtask"
            ],
            [
                "delete_completedtask",
                "OKareApp",
                "completedtask"
            ],
            [
                "add_dailytriage",
                "OKareApp",
                "dailytriage"
            ],
            [
                "change_dailytriage",
                "OKareApp",
                "dailytriage"
            ],
            [
                "delete_dailytriage",
                "OKareApp",
                "dailytriage"
            ],
            [
                "add_nursestats",
                "OKareApp",
                "nursestats"
            ],
            [
                "change_nursestats",
                "OKareApp",
                "nursestats"
            ],
            [
                "delete_nursestats",
                "OKareApp",
                "nursestats"
            ],
            [
                "add_patient",
                "OKareApp",
                "patient"
            ],
            [
                "change_patient",
                "OKareApp",
                "patient"
            ],
            [
                "delete_patient",
                "OKareApp",
                "patient"
            ],
            [
                "add_task",
                "OKareApp",
                "task"
            ],
            [
                "change_task",
                "OKareApp",
                "task"
            ],
            [
                "delete_task",
                "OKareApp",
                "task"
            ],
            [
                "add_teams",
                "OKareApp",
                "teams"
            ],
            [
                "change_teams",
                "OKareApp",
                "teams"
            ],
            [
                "delete_teams",
                "OKareApp",
                "teams"
            ],
            [
                "add_logentry",
                "admin",
                "logentry"
            ],
            [
                "change_logentry",
                "admin",
                "logentry"
            ],
            [
                "delete_logentry",
                "admin",
                "logentry"
            ],
            [
                "add_group",
                "auth",
                "group"
            ],
            [
                "change_group",
                "auth",
                "group"
            ],
            [
                "delete_group",
                "auth",
                "group"
            ],
            [
                "add_permission",
                "auth",
                "permission"
            ],
            [
                "change_permission",
                "auth",
                "permission"
            ],
            [
                "delete_permission",
                "auth",
                "permission"
            ],
            [
                "add_user",
                "auth",
                "user"
            ],
            [
                "change_user",
                "auth",
                "user"
            ],
            [
                "delete_user",
                "auth",
                "user"
            ],
            [
                "add_contenttype",
                "contenttypes",
                "contenttype"
            ],
            [
                "change_contenttype",
                "contenttypes",
                "contenttype"
            ],
            [
                "delete_contenttype",
                "contenttypes",
                "contenttype"
            ],
            [
                "add_session",
                "sessions",
                "session"
            ],
            [
                "change_session",
                "sessions",
                "session"
            ],
            [
                "delete_session",
                "sessions",
                "session"
            ]
        ]
    }
},
{
    "model": "auth.user",
    "fields": {
        "password": "pbkdf2_sha256$36000$qla6f3efG6Rp$v32FsnRArWuB2TNz9pocV1AJIYarIEZMfbY5ZPaGkuU=",
        "last_login": null,
        "is_superuser": false,
        "username": "nurse1",
        "first_name": "Serious",
        "last_name": "Lee",
        "email": "",
        "is_staff": false,
        "is_active": true,
        "date_joined": "2018-03-15T08:41:55Z",
        "groups": [],
        "user_permissions": [
            [
                "add_account",
                "OKareApp",
                "account"
            ],
            [
                "change_account",
                "OKareApp",
                "account"
            ],
            [
                "delete_account",
                "OKareApp",
                "account"
            ],
            [
                "add_completedtask",
                "OKareApp",
                "completedtask"
            ],
            [
                "change_completedtask",
                "OKareApp",
                "completedtask"
            ],
            [
                "delete_completedtask",
                "OKareApp",
                "completedtask"
            ],
            [
                "add_dailytriage",
                "OKareApp",
                "dailytriage"
            ],
            [
                "change_dailytriage",
                "OKareApp",
                "dailytriage"
            ],
            [
                "delete_dailytriage",
                "OKareApp",
                "dailytriage"
            ],
            [
                "add_nursestats",
                "OKareApp",
                "nursestats"
            ],
            [
                "change_nursestats",
                "OKareApp",
                "nursestats"
            ],
            [
                "delete_nursestats",
                "OKareApp",
                "nursestats"
            ],
            [
                "add_patient",
                "OKareApp",
                "patient"
            ],
            [
                "change_patient",
                "OKareApp",
                "patient"
            ],
            [
                "delete_patient",
                "OKareApp",
                "patient"
            ],
            [
                "add_task",
                "OKareApp",
                "task"
            ],
            [
                "change_task",
                "OKareApp",
                "task"
            ],
            [
                "delete_task",
                "OKareApp",
                "task"
            ],
            [
                "add_teams",
                "OKareApp",
                "teams"
            ],
            [
                "change_teams",
                "OKareApp",
                "teams"
            ],
            [
                "delete_teams",
                "OKareApp",
                "teams"
            ],
            [
                "add_logentry",
                "admin",
                "logentry"
            ],
            [
                "change_logentry",
                "admin",
                "logentry"
            ],
            [
                "delete_logentry",
                "admin",
                "logentry"
            ],
            [
                "add_group",
                "auth",
                "group"
            ],
            [
                "change_group",
                "auth",
                "group"
            ],
            [
                "delete_group",
                "auth",
                "group"
            ],
            [
                "add_permission",
                "auth",
                "permission"
            ],
            [
                "change_permission",
                "auth",
                "permission"
            ],
            [
                "delete_permission",
                "auth",
                "permission"
            ],
            [
                "add_user",
                "auth",
                "user"
            ],
            [
                "change_user",
                "auth",
                "user"
            ],
            [
                "delete_user",
                "auth",
                "user"
            ],
            [
                "add_contenttype",
                "contenttypes",
                "contenttype"
            ],
            [
                "change_contenttype",
                "contenttypes",
                "contenttype"
            ],
            [
                "delete_contenttype",
                "contenttypes",
                "contenttype"
            ],
            [
                "add_session",
                "sessions",
                "session"
            ],
            [
                "change_session",
                "sessions",
                "session"
            ],
            [
                "delete_session",
                "sessions",
                "session"
            ]
        ]
    }
},
{
    "model": "auth.user",
    "fields": {
        "password": "pbkdf2_sha256$36000$oeskJ2rxq7KZ$8sVaogWD8TnU6fnBaCahqZAUAUosOPGY8mxX/7U2J38=",
        "last_login": null,
        "is_superuser": false,
        "username": "nurse2",
        "first_name": "Happy",
        "last_name": "Lee",
        "email": "",
        "is_staff": false,
        "is_active": true,
        "date_joined": "2018-03-15T08:42:18Z",
        "groups": [],
        "user_permissions": [
            [
                "add_account",
                "OKareApp",
                "account"
            ],
            [
                "change_account",
                "OKareApp",
                "account"
            ],
            [
                "delete_account",
                "OKareApp",
                "account"
            ],
            [
                "add_completedtask",
                "OKareApp",
                "completedtask"
            ],
            [
                "change_completedtask",
                "OKareApp",
                "completedtask"
            ],
            [
                "delete_completedtask",
                "OKareApp",
                "completedtask"
            ],
            [
                "add_dailytriage",
                "OKareApp",
                "dailytriage"
            ],
            [
                "change_dailytriage",
                "OKareApp",
                "dailytriage"
            ],
            [
                "delete_dailytriage",
                "OKareApp",
                "dailytriage"
            ],
            [
                "add_nursestats",
                "OKareApp",
                "nursestats"
            ],
            [
                "change_nursestats",
                "OKareApp",
                "nursestats"
            ],
            [
                "delete_nursestats",
                "OKareApp",
                "nursestats"
            ],
            [
                "add_patient",
                "OKareApp",
                "patient"
            ],
            [
                "change_patient",
                "OKareApp",
                "patient"
            ],
            [
                "delete_patient",
                "OKareApp",
                "patient"
            ],
            [
                "add_task",
                "OKareApp",
                "task"
            ],
            [
                "change_task",
                "OKareApp",
                "task"
            ],
            [
                "delete_task",
                "OKareApp",
                "task"
            ],
            [
                "add_teams",
                "OKareApp",
                "teams"
            ],
            [
                "change_teams",
                "OKareApp",
                "teams"
            ],
            [
                "delete_teams",
                "OKareApp",
                "teams"
            ],
            [
                "add_logentry",
                "admin",
                "logentry"
            ],
            [
                "change_logentry",
                "admin",
                "logentry"
            ],
            [
                "delete_logentry",
                "admin",
                "logentry"
            ],
            [
                "add_group",
                "auth",
                "group"
            ],
            [
                "change_group",
                "auth",
                "group"
            ],
            [
                "delete_group",
                "auth",
                "group"
            ],
            [
                "add_permission",
                "auth",
                "permission"
            ],
            [
                "change_permission",
                "auth",
                "permission"
            ],
            [
                "delete_permission",
                "auth",
                "permission"
            ],
            [
                "add_user",
                "auth",
                "user"
            ],
            [
                "change_user",
                "auth",
                "user"
            ],
            [
                "delete_user",
                "auth",
                "user"
            ],
            [
                "add_contenttype",
                "contenttypes",
                "contenttype"
            ],
            [
                "change_contenttype",
                "contenttypes",
                "contenttype"
            ],
            [
                "delete_contenttype",
                "contenttypes",
                "contenttype"
            ],
            [
                "add_session",
                "sessions",
                "session"
            ],
            [
                "change_session",
                "sessions",
                "session"
            ],
            [
                "delete_session",
                "sessions",
                "session"
            ]
        ]
    }
},
{
    "model": "auth.user",
    "fields": {
        "password": "pbkdf2_sha256$36000$L40v7GznUrtc$jfiFPzcYKfVdXTfplaEPZc59XG1l/goVoEybptDKeok=",
        "last_login": null,
        "is_superuser": false,
        "username": "nurse3",
        "first_name": "Sad",
        "last_name": "Lee",
        "email": "",
        "is_staff": false,
        "is_active": true,
        "date_joined": "2018-03-15T08:42:34Z",
        "groups": [],
        "user_permissions": [
            [
                "add_account",
                "OKareApp",
                "account"
            ],
            [
                "change_account",
                "OKareApp",
                "account"
            ],
            [
                "delete_account",
                "OKareApp",
                "account"
            ],
            [
                "add_completedtask",
                "OKareApp",
                "completedtask"
            ],
            [
                "change_completedtask",
                "OKareApp",
                "completedtask"
            ],
            [
                "delete_completedtask",
                "OKareApp",
                "completedtask"
            ],
            [
                "add_dailytriage",
                "OKareApp",
                "dailytriage"
            ],
            [
                "change_dailytriage",
                "OKareApp",
                "dailytriage"
            ],
            [
                "delete_dailytriage",
                "OKareApp",
                "dailytriage"
            ],
            [
                "add_nursestats",
                "OKareApp",
                "nursestats"
            ],
            [
                "change_nursestats",
                "OKareApp",
                "nursestats"
            ],
            [
                "delete_nursestats",
                "OKareApp",
                "nursestats"
            ],
            [
                "add_patient",
                "OKareApp",
                "patient"
            ],
            [
                "change_patient",
                "OKareApp",
                "patient"
            ],
            [
                "delete_patient",
                "OKareApp",
                "patient"
            ],
            [
                "add_task",
                "OKareApp",
                "task"
            ],
            [
                "change_task",
                "OKareApp",
                "task"
            ],
            [
                "delete_task",
                "OKareApp",
                "task"
            ],
            [
                "add_teams",
                "OKareApp",
                "teams"
            ],
            [
                "change_teams",
                "OKareApp",
                "teams"
            ],
            [
                "delete_teams",
                "OKareApp",
                "teams"
            ],
            [
                "add_logentry",
                "admin",
                "logentry"
            ],
            [
                "change_logentry",
                "admin",
                "logentry"
            ],
            [
                "delete_logentry",
                "admin",
                "logentry"
            ],
            [
                "add_group",
                "auth",
                "group"
            ],
            [
                "change_group",
                "auth",
                "group"
            ],
            [
                "delete_group",
                "auth",
                "group"
            ],
            [
                "add_permission",
                "auth",
                "permission"
            ],
            [
                "change_permission",
                "auth",
                "permission"
            ],
            [
                "delete_permission",
                "auth",
                "permission"
            ],
            [
                "add_user",
                "auth",
                "user"
            ],
            [
                "change_user",
                "auth",
                "user"
            ],
            [
                "delete_user",
                "auth",
                "user"
            ],
            [
                "add_contenttype",
                "contenttypes",
                "contenttype"
            ],
            [
                "change_contenttype",
                "contenttypes",
                "contenttype"
            ],
            [
                "delete_contenttype",
                "contenttypes",
                "contenttype"
            ],
            [
                "add_session",
                "sessions",
                "session"
            ],
            [
                "change_session",
                "sessions",
                "session"
            ],
            [
                "delete_session",
                "sessions",
                "session"
            ]
        ]
    }
},
{
    "model": "auth.user",
    "fields": {
        "password": "pbkdf2_sha256$36000$k2Rg9LHcIQmF$dpAWSoSAi69taF29my5zAroO0P/zOnIj7nMnYJDwkDU=",
        "last_login": null,
        "is_superuser": false,
        "username": "nurse4",
        "first_name": "Quiet",
        "last_name": "Lee",
        "email": "",
        "is_staff": false,
        "is_active": true,
        "date_joined": "2018-03-15T08:42:50Z",
        "groups": [],
        "user_permissions": [
            [
                "add_account",
                "OKareApp",
                "account"
            ],
            [
                "change_account",
                "OKareApp",
                "account"
            ],
            [
                "delete_account",
                "OKareApp",
                "account"
            ],
            [
                "add_completedtask",
                "OKareApp",
                "completedtask"
            ],
            [
                "change_completedtask",
                "OKareApp",
                "completedtask"
            ],
            [
                "delete_completedtask",
                "OKareApp",
                "completedtask"
            ],
            [
                "add_dailytriage",
                "OKareApp",
                "dailytriage"
            ],
            [
                "change_dailytriage",
                "OKareApp",
                "dailytriage"
            ],
            [
                "delete_dailytriage",
                "OKareApp",
                "dailytriage"
            ],
            [
                "add_nursestats",
                "OKareApp",
                "nursestats"
            ],
            [
                "change_nursestats",
                "OKareApp",
                "nursestats"
            ],
            [
                "delete_nursestats",
                "OKareApp",
                "nursestats"
            ],
            [
                "add_patient",
                "OKareApp",
                "patient"
            ],
            [
                "change_patient",
                "OKareApp",
                "patient"
            ],
            [
                "delete_patient",
                "OKareApp",
                "patient"
            ],
            [
                "add_task",
                "OKareApp",
                "task"
            ],
            [
                "change_task",
                "OKareApp",
                "task"
            ],
            [
                "delete_task",
                "OKareApp",
                "task"
            ],
            [
                "add_teams",
                "OKareApp",
                "teams"
            ],
            [
                "change_teams",
                "OKareApp",
                "teams"
            ],
            [
                "delete_teams",
                "OKareApp",
                "teams"
            ],
            [
                "add_logentry",
                "admin",
                "logentry"
            ],
            [
                "change_logentry",
                "admin",
                "logentry"
            ],
            [
                "delete_logentry",
                "admin",
                "logentry"
            ],
            [
                "add_group",
                "auth",
                "group"
            ],
            [
                "change_group",
                "auth",
                "group"
            ],
            [
                "delete_group",
                "auth",
                "group"
            ],
            [
                "add_permission",
                "auth",
                "permission"
            ],
            [
                "change_permission",
                "auth",
                "permission"
            ],
            [
                "delete_permission",
                "auth",
                "permission"
            ],
            [
                "add_user",
                "auth",
                "user"
            ],
            [
                "change_user",
                "auth",
                "user"
            ],
            [
                "delete_user",
                "auth",
                "user"
            ],
            [
                "add_contenttype",
                "contenttypes",
                "contenttype"
            ],
            [
                "change_contenttype",
                "contenttypes",
                "contenttype"
            ],
            [
                "delete_contenttype",
                "contenttypes",
                "contenttype"
            ],
            [
                "add_session",
                "sessions",
                "session"
            ],
            [
                "change_session",
                "sessions",
                "session"
            ],
            [
                "delete_session",
                "sessions",
                "session"
            ]
        ]
    }
},
{
    "model": "auth.user",
    "fields": {
        "password": "pbkdf2_sha256$36000$SwN8MtoA9Xct$i9M4AiOpC9mmR7FKUmf6TCJJ/4/fQdatVNtU0QMNjWI=",
        "last_login": null,
        "is_superuser": false,
        "username": "nurse5",
        "first_name": "Another",
        "last_name": "Lee",
        "email": "",
        "is_staff": false,
        "is_active": true,
        "date_joined": "2018-03-15T08:43:18Z",
        "groups": [],
        "user_permissions": [
            [
                "add_account",
                "OKareApp",
                "account"
            ],
            [
                "change_account",
                "OKareApp",
                "account"
            ],
            [
                "delete_account",
                "OKareApp",
                "account"
            ],
            [
                "add_completedtask",
                "OKareApp",
                "completedtask"
            ],
            [
                "change_completedtask",
                "OKareApp",
                "completedtask"
            ],
            [
                "delete_completedtask",
                "OKareApp",
                "completedtask"
            ],
            [
                "add_dailytriage",
                "OKareApp",
                "dailytriage"
            ],
            [
                "change_dailytriage",
                "OKareApp",
                "dailytriage"
            ],
            [
                "delete_dailytriage",
                "OKareApp",
                "dailytriage"
            ],
            [
                "add_nursestats",
                "OKareApp",
                "nursestats"
            ],
            [
                "change_nursestats",
                "OKareApp",
                "nursestats"
            ],
            [
                "delete_nursestats",
                "OKareApp",
                "nursestats"
            ],
            [
                "add_patient",
                "OKareApp",
                "patient"
            ],
            [
                "change_patient",
                "OKareApp",
                "patient"
            ],
            [
                "delete_patient",
                "OKareApp",
                "patient"
            ],
            [
                "add_task",
                "OKareApp",
                "task"
            ],
            [
                "change_task",
                "OKareApp",
                "task"
            ],
            [
                "delete_task",
                "OKareApp",
                "task"
            ],
            [
                "add_teams",
                "OKareApp",
                "teams"
            ],
            [
                "change_teams",
                "OKareApp",
                "teams"
            ],
            [
                "delete_teams",
                "OKareApp",
                "teams"
            ],
            [
                "add_logentry",
                "admin",
                "logentry"
            ],
            [
                "change_logentry",
                "admin",
                "logentry"
            ],
            [
                "delete_logentry",
                "admin",
                "logentry"
            ],
            [
                "add_group",
                "auth",
                "group"
            ],
            [
                "change_group",
                "auth",
                "group"
            ],
            [
                "delete_group",
                "auth",
                "group"
            ],
            [
                "add_permission",
                "auth",
                "permission"
            ],
            [
                "change_permission",
                "auth",
                "permission"
            ],
            [
                "delete_permission",
                "auth",
                "permission"
            ],
            [
                "add_user",
                "auth",
                "user"
            ],
            [
                "change_user",
                "auth",
                "user"
            ],
            [
                "delete_user",
                "auth",
                "user"
            ],
            [
                "add_contenttype",
                "contenttypes",
                "contenttype"
            ],
            [
                "change_contenttype",
                "contenttypes",
                "contenttype"
            ],
            [
                "delete_contenttype",
                "contenttypes",
                "contenttype"
            ],
            [
                "add_session",
                "sessions",
                "session"
            ],
            [
                "change_session",
                "sessions",
                "session"
            ],
            [
                "delete_session",
                "sessions",
                "session"
            ]
        ]
    }
},
{
    "model": "auth.user",
    "fields": {
        "password": "pbkdf2_sha256$100000$rzyTOgXVlM1D$OV0svXu4/pvU/ljfSggTF44K/tI5DKhGD3xnFgCXgOs=",
        "last_login": "2018-03-17T09:46:34.225Z",
        "is_superuser": true,
        "username": "admin",
        "first_name": "",
        "last_name": "",
        "email": "admin@example.com",
        "is_staff": true,
        "is_active": true,
        "date_joined": "2018-03-16T14:45:11.777Z",
        "groups": [],
        "user_permissions": []
    }
},
{
    "model": "auth.user",
    "fields": {
        "password": "pbkdf2_sha256$100000$jFqecYRisM0J$2SzDuhpbgZkJEi1pzqBen1we+5F5vrhUgp7Yk86mLKQ=",
        "last_login": null,
        "is_superuser": false,
        "username": "nurse6",
        "first_name": "Hello",
        "last_name": "Bye",
        "email": "",
        "is_staff": false,
        "is_active": true,
        "date_joined": "2018-03-17T09:47:06Z",
        "groups": [],
        "user_permissions": []
    }
},
{
    "model": "auth.user",
    "fields": {
        "password": "pbkdf2_sha256$100000$wBp0GOXtBHFN$WxfBTiNK0XW02qCIWuO1TsoTaIyoYM4aGBFwL79lWiM=",
        "last_login": null,
        "is_superuser": false,
        "username": "nurse7",
        "first_name": "Bye",
        "last_name": "Hello",
        "email": "",
        "is_staff": false,
        "is_active": true,
        "date_joined": "2018-03-18T12:58:54Z",
        "groups": [],
        "user_permissions": []
    }
},
{
    "model": "sessions.session",
    "pk": "1ae911u4mk0832zp912hz7syejz2nhji",
    "fields": {
        "session_data": "NTg0YjhjMjRjZmVjM2Q5YzE3MTc5NmRlOTQzNmEyOTRjNGE4ZmY0Mjp7Il9hdXRoX3VzZXJfaWQiOiI5IiwiX2F1dGhfdXNlcl9oYXNoIjoiYzM3NTNkOTA4YzE0MzEzNjA0NGMwYWM0NDYxMDJjMTRjNjU2OGQ0OSIsIl9hdXRoX3VzZXJfYmFja2VuZCI6ImRqYW5nby5jb250cmliLmF1dGguYmFja2VuZHMuTW9kZWxCYWNrZW5kIn0=",
        "expire_date": "2018-03-30T14:45:16.918Z"
    }
},
{
    "model": "sessions.session",
    "pk": "2qw75xz8x8pj0cnlguemqn489vpncs61",
    "fields": {
        "session_data": "YWJmZWJiN2VlNDE3NDRmNmMwOTM5YTY1NDgyM2VjNDkxYmIwZjVjZDp7Il9hdXRoX3VzZXJfaWQiOiIxIiwiX2F1dGhfdXNlcl9iYWNrZW5kIjoiZGphbmdvLmNvbnRyaWIuYXV0aC5iYWNrZW5kcy5Nb2RlbEJhY2tlbmQiLCJfYXV0aF91c2VyX2hhc2giOiIzZjcwZTg1ZjVjZGQyNWZmMzE3ODBhYTk2ZmMyZjMyZDUwZjI4NTBlIn0=",
        "expire_date": "2018-03-29T08:27:43.980Z"
    }
},
{
    "model": "sessions.session",
    "pk": "potlnelbe8n9cwlu4jpvc084z22qer5j",
    "fields": {
        "session_data": "YWJmZWJiN2VlNDE3NDRmNmMwOTM5YTY1NDgyM2VjNDkxYmIwZjVjZDp7Il9hdXRoX3VzZXJfaWQiOiIxIiwiX2F1dGhfdXNlcl9iYWNrZW5kIjoiZGphbmdvLmNvbnRyaWIuYXV0aC5iYWNrZW5kcy5Nb2RlbEJhY2tlbmQiLCJfYXV0aF91c2VyX2hhc2giOiIzZjcwZTg1ZjVjZGQyNWZmMzE3ODBhYTk2ZmMyZjMyZDUwZjI4NTBlIn0=",
        "expire_date": "2018-03-29T09:02:10.413Z"
    }
},
{
    "model": "sessions.session",
    "pk": "t5s0rpvrh5z659qe48e9qu6ssgyatsmh",
    "fields": {
        "session_data": "ZmRlN2Y1OGNiZTc4Njc3NGIyMmNmYTNjZjgwZDQ4NzkwZjA3N2Y5ZDp7Il9hdXRoX3VzZXJfYmFja2VuZCI6ImRqYW5nby5jb250cmliLmF1dGguYmFja2VuZHMuTW9kZWxCYWNrZW5kIiwiX2F1dGhfdXNlcl9oYXNoIjoiYzM3NTNkOTA4YzE0MzEzNjA0NGMwYWM0NDYxMDJjMTRjNjU2OGQ0OSIsIl9hdXRoX3VzZXJfaWQiOiI5In0=",
        "expire_date": "2018-03-31T09:46:34.386Z"
    }
},
{
    "model": "OKareApp.teams",
    "pk": 1,
    "fields": {
        "name": "Nice",
        "ward": "12"
    }
},
{
    "model": "OKareApp.teams",
    "pk": 2,
    "fields": {
        "name": "SERIOUS LEE",
        "ward": "123"
    }
},
{
    "model": "OKareApp.teams",
    "pk": 3,
    "fields": {
        "name": "LEE WARRIORS",
        "ward": "maybe 1"
    }
},
{
    "model": "OKareApp.teams",
    "pk": 4,
    "fields": {
        "name": "LEE SLAVES",
        "ward": "ALL"
    }
},
{
    "model": "OKareApp.account",
    "pk": "S12345678",
    "fields": {
        "user": [
            "nurse6"
        ],
        "date_of_birth": "2018-03-17",
        "street": "Street",
        "city": "City",
        "state": "State",
        "zip_code": "Zip Code",
        "phoneNo": "12345456",
        "type": "Nurse",
        "team": 1
    }
},
{
    "model": "OKareApp.account",
    "pk": "S9223432G",
    "fields": {
        "user": [
            "admin1"
        ],
        "date_of_birth": "1991-03-29",
        "street": "STREET",
        "city": "Singapore",
        "state": "Singapore",
        "zip_code": "912032",
        "phoneNo": "97612302",
        "type": "Admin",
        "team": null
    }
},
{
    "model": "OKareApp.account",
    "pk": "S9232342G",
    "fields": {
        "user": [
            "nurse3"
        ],
        "date_of_birth": "1991-03-29",
        "street": "THIS",
        "city": "Singapore",
        "state": "Singapore",
        "zip_code": "672030",
        "phoneNo": "91273752",
        "type": "Nurse",
        "team": 4
    }
},
{
    "model": "OKareApp.account",
    "pk": "S9234232G",
    "fields": {
        "user": [
            "nurse4"
        ],
        "date_of_birth": "1991-03-29",
        "street": "SHIT",
        "city": "Singapore",
        "state": "Singapore",
        "zip_code": "672030",
        "phoneNo": "90123234",
        "type": "Nurse",
        "team": 2
    }
},
{
    "model": "OKareApp.account",
    "pk": "S9673132G",
    "fields": {
        "user": [
            "superuser"
        ],
        "date_of_birth": "1991-03-29",
        "street": "UR MOM",
        "city": "Singapore",
        "state": "Singapore",
        "zip_code": "912032",
        "phoneNo": "81230123",
        "type": "Admin",
        "team": null
    }
},
{
    "model": "OKareApp.account",
    "pk": "S9765453G",
    "fields": {
        "user": [
            "nurse1"
        ],
        "date_of_birth": "1991-03-29",
        "street": "DONT",
        "city": "Singapore",
        "state": "Singapore",
        "zip_code": "676239",
        "phoneNo": "90234791",
        "type": "Nurse",
        "team": 2
    }
},
{
    "model": "OKareApp.account",
    "pk": "S9845624G",
    "fields": {
        "user": [
            "nurse2"
        ],
        "date_of_birth": "1991-03-29",
        "street": "CARE",
        "city": "Singapore",
        "state": "Singapore",
        "zip_code": "672030",
        "phoneNo": "86712332",
        "type": "Nurse",
        "team": 3
    }
},
{
    "model": "OKareApp.account",
    "pk": "S9876543A",
    "fields": {
        "user": [
            "nurse7"
        ],
        "date_of_birth": "2018-03-18",
        "street": "Street",
        "city": "City",
        "state": "State",
        "zip_code": "Zip Code",
        "phoneNo": "12345678",
        "type": "Nurse",
        "team": 4
    }
},
{
    "model": "OKareApp.account",
    "pk": "S9898898G",
    "fields": {
        "user": [
            "nurse5"
        ],
        "date_of_birth": "1991-03-29",
        "street": "I",
        "city": "Singapore",
        "state": "Singapore",
        "zip_code": "876238",
        "phoneNo": "85623123",
        "type": "Nurse",
        "team": 4
    }
},
{
    "model": "OKareApp.patient",
    "pk": "S1231234G",
    "fields": {
        "first_name": "SERIOUS",
        "last_name": "LEE",
        "date_of_birth": "1991-03-29",
        "street": "Street",
        "city": "City",
        "state": "State",
        "zip_code": "Zip Code",
        "phoneNo": null,
        "ward": "1",
        "bed": 2,
        "team": 1
    }
},
{
    "model": "OKareApp.patient",
    "pk": "S2956234G",
    "fields": {
        "first_name": "HAPPY",
        "last_name": "LEE",
        "date_of_birth": "1991-03-29",
        "street": "Street",
        "city": "City",
        "state": "State",
        "zip_code": "Zip Code",
        "phoneNo": null,
        "ward": "1",
        "bed": 2,
        "team": 3
    }
},
{
    "model": "OKareApp.patient",
    "pk": "S3232334G",
    "fields": {
        "first_name": "QUIET",
        "last_name": "LEE",
        "date_of_birth": "1991-03-29",
        "street": "Street",
        "city": "City",
        "state": "State",
        "zip_code": "Zip Code",
        "phoneNo": null,
        "ward": "1",
        "bed": 3,
        "team": 1
    }
},
{
    "model": "OKareApp.patient",
    "pk": "S4234234G",
    "fields": {
        "first_name": "SAD",
        "last_name": "LEE",
        "date_of_birth": "1991-03-29",
        "street": "Street",
        "city": "City",
        "state": "State",
        "zip_code": "Zip Code",
        "phoneNo": null,
        "ward": "1",
        "bed": 5,
        "team": 2
    }
},
{
    "model": "OKareApp.patient",
    "pk": "S5562334G",
    "fields": {
        "first_name": "HEN",
        "last_name": "LEE",
        "date_of_birth": "1991-03-29",
        "street": "Street",
        "city": "City",
        "state": "State",
        "zip_code": "Zip Code",
        "phoneNo": null,
        "ward": "1",
        "bed": 4,
        "team": 3
    }
},
{
    "model": "OKareApp.patient",
    "pk": "S6731234G",
    "fields": {
        "first_name": "BENT",
        "last_name": "LEE",
        "date_of_birth": "1991-03-29",
        "street": "Street",
        "city": "City",
        "state": "State",
        "zip_code": "Zip Code",
        "phoneNo": null,
        "ward": "1",
        "bed": 3,
        "team": 2
    }
},
{
    "model": "OKareApp.patient",
    "pk": "S7831234G",
    "fields": {
        "first_name": "FREE",
        "last_name": "LEE",
        "date_of_birth": "1991-03-29",
        "street": "Street",
        "city": "City",
        "state": "State",
        "zip_code": "Zip Code",
        "phoneNo": null,
        "ward": "1",
        "bed": 2,
        "team": 4
    }
},
{
    "model": "OKareApp.patient",
    "pk": "S8456234G",
    "fields": {
        "first_name": "ANGRY",
        "last_name": "LEE",
        "date_of_birth": "1991-03-29",
        "street": "Street",
        "city": "City",
        "state": "State",
        "zip_code": "Zip Code",
        "phoneNo": null,
        "ward": "1",
        "bed": 2,
        "team": 4
    }
},
{
    "model": "OKareApp.patient",
    "pk": "S9678234G",
    "fields": {
        "first_name": "HANDSOME",
        "last_name": "LEE",
        "date_of_birth": "1991-03-29",
        "street": "Street",
        "city": "City",
        "state": "State",
        "zip_code": "Zip Code",
        "phoneNo": null,
        "ward": "1",
        "bed": 3,
        "team": 2
    }
},
{
    "model": "OKareApp.task",
    "pk": 1,
    "fields": {
        "title": "Breakfast",
        "description": "",
        "patient": "S1231234G",
        "recur_type": "Daily",
        "category": "Food",
        "start_time": "08:00:00",
        "date": "2018-03-12",
        "duration": "00:00:30",
        "day": "0"
    }
},
{
    "model": "OKareApp.task",
    "pk": 2,
    "fields": {
        "title": "Lunch",
        "description": "",
        "patient": "S1231234G",
        "recur_type": "Daily",
        "category": "Food",
        "start_time": "12:00:00",
        "date": "2018-03-12",
        "duration": "00:00:30",
        "day": "0"
    }
},
{
    "model": "OKareApp.task",
    "pk": 3,
    "fields": {
        "title": "Dinner",
        "description": "",
        "patient": "S1231234G",
        "recur_type": "Daily",
        "category": "Food",
        "start_time": "23:59:59",
        "date": "2018-03-12",
        "duration": "00:00:30",
        "day": "0"
    }
},
{
    "model": "OKareApp.task",
    "pk": 4,
    "fields": {
        "title": "Breakfast",
        "description": "",
        "patient": "S2956234G",
        "recur_type": "Daily",
        "category": "Food",
        "start_time": "08:00:00",
        "date": "2018-03-12",
        "duration": "00:00:30",
        "day": "0"
    }
},
{
    "model": "OKareApp.task",
    "pk": 5,
    "fields": {
        "title": "Lunch",
        "description": "",
        "patient": "S2956234G",
        "recur_type": "Daily",
        "category": "Food",
        "start_time": "12:00:00",
        "date": "2018-03-12",
        "duration": "00:00:30",
        "day": "0"
    }
},
{
    "model": "OKareApp.task",
    "pk": 6,
    "fields": {
        "title": "Dinner",
        "description": "",
        "patient": "S2956234G",
        "recur_type": "Daily",
        "category": "Food",
        "start_time": "23:59:59",
        "date": "2018-03-12",
        "duration": "00:00:30",
        "day": "0"
    }
},
{
    "model": "OKareApp.task",
    "pk": 7,
    "fields": {
        "title": "Breakfast",
        "description": "",
        "patient": "S3232334G",
        "recur_type": "Daily",
        "category": "Food",
        "start_time": "08:00:00",
        "date": "2018-03-12",
        "duration": "00:00:30",
        "day": "0"
    }
},
{
    "model": "OKareApp.task",
    "pk": 8,
    "fields": {
        "title": "Lunch",
        "description": "",
        "patient": "S3232334G",
        "recur_type": "Daily",
        "category": "Food",
        "start_time": "12:00:00",
        "date": "2018-03-12",
        "duration": "00:00:30",
        "day": "0"
    }
},
{
    "model": "OKareApp.task",
    "pk": 9,
    "fields": {
        "title": "Dinner",
        "description": "",
        "patient": "S3232334G",
        "recur_type": "Daily",
        "category": "Food",
        "start_time": "23:59:59",
        "date": "2018-03-12",
        "duration": "00:00:30",
        "day": "0"
    }
},
{
    "model": "OKareApp.task",
    "pk": 10,
    "fields": {
        "title": "Breakfast",
        "description": "",
        "patient": "S3232334G",
        "recur_type": "Daily",
        "category": "Food",
        "start_time": "08:00:00",
        "date": "2018-03-12",
        "duration": "00:00:30",
        "day": "0"
    }
},
{
    "model": "OKareApp.task",
    "pk": 11,
    "fields": {
        "title": "Lunch",
        "description": "",
        "patient": "S3232334G",
        "recur_type": "Daily",
        "category": "Food",
        "start_time": "12:00:00",
        "date": "2018-03-12",
        "duration": "00:00:30",
        "day": "0"
    }
},
{
    "model": "OKareApp.task",
    "pk": 12,
    "fields": {
        "title": "Dinner",
        "description": "",
        "patient": "S3232334G",
        "recur_type": "Daily",
        "category": "Food",
        "start_time": "23:59:59",
        "date": "2018-03-12",
        "duration": "00:00:30",
        "day": "0"
    }
},
{
    "model": "OKareApp.task",
    "pk": 13,
    "fields": {
        "title": "Breakfast",
        "description": "",
        "patient": "S5562334G",
        "recur_type": "Daily",
        "category": "Food",
        "start_time": "08:00:00",
        "date": "2018-03-12",
        "duration": "00:00:30",
        "day": "0"
    }
},
{
    "model": "OKareApp.task",
    "pk": 14,
    "fields": {
        "title": "Lunch",
        "description": "",
        "patient": "S5562334G",
        "recur_type": "Daily",
        "category": "Food",
        "start_time": "12:00:00",
        "date": "2018-03-12",
        "duration": "00:00:30",
        "day": "0"
    }
},
{
    "model": "OKareApp.task",
    "pk": 15,
    "fields": {
        "title": "Dinner",
        "description": "",
        "patient": "S5562334G",
        "recur_type": "Daily",
        "category": "Food",
        "start_time": "23:59:59",
        "date": "2018-03-12",
        "duration": "00:00:30",
        "day": "0"
    }
},
{
    "model": "OKareApp.task",
    "pk": 16,
    "fields": {
        "title": "Breakfast",
        "description": "",
        "patient": "S6731234G",
        "recur_type": "Daily",
        "category": "Food",
        "start_time": "08:00:00",
        "date": "2018-03-12",
        "duration": "00:00:30",
        "day": "0"
    }
},
{
    "model": "OKareApp.task",
    "pk": 17,
    "fields": {
        "title": "Lunch",
        "description": "",
        "patient": "S6731234G",
        "recur_type": "Daily",
        "category": "Food",
        "start_time": "12:00:00",
        "date": "2018-03-12",
        "duration": "00:00:30",
        "day": "0"
    }
},
{
    "model": "OKareApp.task",
    "pk": 18,
    "fields": {
        "title": "Dinner",
        "description": "",
        "patient": "S6731234G",
        "recur_type": "Daily",
        "category": "Food",
        "start_time": "23:59:59",
        "date": "2018-03-12",
        "duration": "00:00:30",
        "day": "0"
    }
},
{
    "model": "OKareApp.task",
    "pk": 19,
    "fields": {
        "title": "A Monthly Task",
        "description": "",
        "patient": "S1231234G",
        "recur_type": "Monthly",
        "category": "Misc",
        "start_time": "12:00:00",
        "date": "2018-02-17",
        "duration": "00:25:00",
        "day": "5"
    }
},
{
    "model": "OKareApp.task",
    "pk": 20,
    "fields": {
        "title": "A Weekly Task",
        "description": "",
        "patient": "S9678234G",
        "recur_type": "Weekly",
        "category": "Misc",
        "start_time": "12:00:00",
        "date": "2018-03-10",
        "duration": "00:25:00",
        "day": "5"
    }
},
{
    "model": "OKareApp.task",
    "pk": 21,
    "fields": {
        "title": "A daily task",
        "description": "",
        "patient": "S8456234G",
        "recur_type": "Daily",
        "category": "Misc",
        "start_time": "12:00:00",
        "date": "2018-03-17",
        "duration": "00:25:00",
        "day": "5"
    }
},
{
    "model": "OKareApp.task",
    "pk": 22,
    "fields": {
        "title": "An Adhoc Task",
        "description": "",
        "patient": "S6731234G",
        "recur_type": null,
        "category": "Misc",
        "start_time": "12:00:00",
        "date": "2018-03-17",
        "duration": "00:25:12",
        "day": "5"
    }
},
{
    "model": "OKareApp.task",
    "pk": 23,
    "fields": {
        "title": "An unwanted monthly task",
        "description": "",
        "patient": "S1231234G",
        "recur_type": "Monthly",
        "category": "Misc",
        "start_time": "12:00:00",
        "date": "2018-03-10",
        "duration": "00:25:00",
        "day": "5"
    }
},
{
    "model": "OKareApp.task",
    "pk": 24,
    "fields": {
        "title": "An unwanted weekly task",
        "description": "",
        "patient": "S8456234G",
        "recur_type": "Weekly",
        "category": "Misc",
        "start_time": "12:00:00",
        "date": "2018-03-07",
        "duration": "00:25:00",
        "day": "2"
    }
},
{
    "model": "OKareApp.task",
    "pk": 25,
    "fields": {
        "title": "An unwanted adhoc task",
        "description": "",
        "patient": "S4234234G",
        "recur_type": null,
        "category": "Misc",
        "start_time": "12:00:00",
        "date": "2018-03-18",
        "duration": "00:25:00",
        "day": "5"
    }
},
{
    "model": "OKareApp.task",
    "pk": 26,
    "fields": {
        "title": "Another unwanted weekly task",
        "description": "",
        "patient": "S6731234G",
        "recur_type": "Weekly",
        "category": "Misc",
        "start_time": "00:00:00",
        "date": "2018-03-10",
        "duration": "00:00:25",
        "day": "5"
    }
},
{
    "model": "OKareApp.ongoingtask",
    "pk": 1,
    "fields": {
        "task": 1,
        "nurse": "S9232342G",
        "assigned_datetime": "2018-03-18T11:06:20.240Z"
    }
},
{
    "model": "OKareApp.ongoingtask",
    "pk": 2,
    "fields": {
        "task": 2,
        "nurse": "S9234232G",
        "assigned_datetime": "2018-03-18T11:06:20.240Z"
    }
},
{
    "model": "OKareApp.ongoingtask",
    "pk": 3,
    "fields": {
        "task": 3,
        "nurse": "S9845624G",
        "assigned_datetime": "2018-03-18T11:06:20.240Z"
    }
},
{
    "model": "OKareApp.ongoingtask",
    "pk": 4,
    "fields": {
        "task": 4,
        "nurse": "S9898898G",
        "assigned_datetime": "2018-03-18T11:06:20.240Z"
    }
},
{
    "model": "OKareApp.ongoingtask",
    "pk": 5,
    "fields": {
        "task": 6,
        "nurse": "S9765453G",
        "assigned_datetime": "2018-03-18T13:57:17.663Z"
    }
},
{
    "model": "OKareApp.completedtask",
    "pk": 1,
    "fields": {
        "task": 1,
        "nurse": "S9234232G",
        "duration": "00:00:04.000004",
        "date": "2018-03-16",
        "compldt": "2018-03-18T18:08:38.581Z"
    }
},
{
    "model": "OKareApp.completedtask",
    "pk": 2,
    "fields": {
        "task": 2,
        "nurse": "S9845624G",
        "duration": "00:00:04.000004",
        "date": "2018-03-16",
        "compldt": "2018-03-18T18:08:38.581Z"
    }
},
{
    "model": "OKareApp.completedtask",
    "pk": 3,
    "fields": {
        "task": 3,
        "nurse": "S9898898G",
        "duration": "00:00:04.000004",
        "date": "2018-03-16",
        "compldt": "2018-03-18T18:08:38.581Z"
    }
},
{
    "model": "OKareApp.completedtask",
    "pk": 4,
    "fields": {
        "task": 4,
        "nurse": "S9765453G",
        "duration": "00:00:04.000004",
        "date": "2018-03-16",
        "compldt": "2018-03-18T18:08:38.581Z"
    }
},
{
    "model": "OKareApp.completedtask",
    "pk": 5,
    "fields": {
        "task": 1,
        "nurse": "S9845624G",
        "duration": "00:00:04.000004",
        "date": "2018-03-16",
        "compldt": "2018-03-18T18:08:38.581Z"
    }
},
{
    "model": "OKareApp.completedtask",
    "pk": 6,
    "fields": {
        "task": 2,
        "nurse": "S9845624G",
        "duration": "00:00:04.000004",
        "date": "2018-03-16",
        "compldt": "2018-03-18T18:08:38.581Z"
    }
},
{
    "model": "OKareApp.completedtask",
    "pk": 7,
    "fields": {
        "task": 3,
        "nurse": "S9765453G",
        "duration": "00:00:04.000004",
        "date": "2018-03-16",
        "compldt": "2018-03-18T18:08:38.581Z"
    }
},
{
    "model": "OKareApp.completedtask",
    "pk": 8,
    "fields": {
        "task": 4,
        "nurse": "S9234232G",
        "duration": "00:00:04.000004",
        "date": "2018-03-16",
        "compldt": "2018-03-18T18:08:38.581Z"
    }
},
{
    "model": "OKareApp.completedtask",
    "pk": 9,
    "fields": {
        "task": 5,
        "nurse": "S9232342G",
        "duration": "00:00:04.000004",
        "date": "2018-03-16",
        "compldt": "2018-03-18T18:08:38.581Z"
    }
},
{
    "model": "OKareApp.completedtask",
    "pk": 10,
    "fields": {
        "task": 26,
        "nurse": "S9765453G",
        "duration": "00:01:04.000004",
        "date": "2018-03-17",
        "compldt": "2018-03-18T18:08:38.581Z"
    }
},
{
    "model": "OKareApp.completedtask",
    "pk": 11,
    "fields": {
        "task": 25,
        "nurse": "S9765453G",
        "duration": "00:01:04.000004",
        "date": "2018-03-17",
        "compldt": "2018-03-18T18:08:38.581Z"
    }
},
{
    "model": "OKareApp.completedtask",
    "pk": 12,
    "fields": {
        "task": 23,
        "nurse": "S9234232G",
        "duration": "00:02:04.000004",
        "date": "2018-03-17",
        "compldt": "2018-03-18T18:08:38.581Z"
    }
},
{
    "model": "OKareApp.completedtask",
    "pk": 13,
    "fields": {
        "task": 22,
        "nurse": "S9234232G",
        "duration": "00:03:04.000004",
        "date": "2018-03-17",
        "compldt": "2018-03-18T18:08:38.581Z"
    }
},
{
    "model": "OKareApp.completedtask",
    "pk": 14,
    "fields": {
        "task": 21,
        "nurse": "S9234232G",
        "duration": "00:04:04.000004",
        "date": "2018-03-17",
        "compldt": "2018-03-18T18:08:38.581Z"
    }
},
{
    "model": "OKareApp.helprequest",
    "pk": 1,
    "fields": {
        "requester": "S9898898G",
        "helper": null,
        "task": 1,
        "ongoing_task": 4,
        "acknowledgement": false,
        "time_created":  "2018-03-18T18:08:38.581Z"
    }
},
{
    "model": "OKareApp.helprequest",
    "pk": 2,
    "fields": {
        "requester": "S9232342G",
        "helper": null,
        "task": 1,
        "ongoing_task": 1,
        "acknowledgement": false,
        "time_created":  "2018-03-18T18:08:38.581Z"
    }
},
{
    "model": "OKareApp.helprequest",
    "pk": 3,
    "fields": {
        "requester": "S9232342G",
        "helper": null,
        "task": 1,
        "ongoing_task": 1,
        "acknowledgement": false,
        "time_created":  "2018-03-18T18:08:38.581Z"
    }
},
{
    "model": "OKareApp.helprequest",
    "pk": 4,
    "fields": {
        "requester": "S9232342G",
        "helper": "S9898898G",
        "task": 1,
        "ongoing_task": 1,
        "acknowledgement": false,
        "time_created":  "2018-03-18T18:08:38.581Z"
    }
},
{
    "model": "OKareApp.helprequest",
    "pk": 5,
    "fields": {
        "requester": "S9232342G",
        "helper": null,
        "task": 1,
        "ongoing_task": 1,
        "acknowledgement": false,
        "time_created":  "2018-03-18T18:08:38.581Z"
    }
},
{
    "model": "OKareApp.helprequest",
    "pk": 6,
    "fields": {
        "requester": "S9765453G",
        "helper": null,
        "task": 5,
        "ongoing_task": 5,
        "acknowledgement": false,
        "time_created":  "2018-03-18T18:08:38.581Z"
    }
},
{
    "model": "OKareApp.helprequestnotification",
    "pk": 18,
    "fields": {
        "read": true,
        "reader": "S9876543A",
        "help_request": 1
    }
},
{
    "model": "OKareApp.helprequestnotification",
    "pk": 19,
    "fields": {
        "read": true,
        "reader": "S9876543A",
        "help_request": 2
    }
},
{
    "model": "OKareApp.helprequestnotification",
    "pk": 20,
    "fields": {
        "read": true,
        "reader": "S9876543A",
        "help_request": 3
    }
},
{
    "model": "OKareApp.helprequestnotification",
    "pk": 21,
    "fields": {
        "read": true,
        "reader": "S9876543A",
        "help_request": 5
    }
},
{
    "model": "admin.logentry",
    "pk": 1,
    "fields": {
        "action_time": "1956-03-15T09:23:05.756Z",
        "user": [
            "superuser"
        ],
        "content_type": [
            "auth",
            "user"
        ],
        "object_id": "2",
        "object_repr": "admin1",
        "action_flag": 2,
        "change_message": "[]"
    }
},
{
    "model": "admin.logentry",
    "pk": 2,
    "fields": {
        "action_time": "1967-03-15T09:23:11.917Z",
        "user": [
            "superuser"
        ],
        "content_type": [
            "auth",
            "user"
        ],
        "object_id": "3",
        "object_repr": "admin2",
        "action_flag": 2,
        "change_message": "[]"
    }
},
{
    "model": "admin.logentry",
    "pk": 3,
    "fields": {
        "action_time": "1982-03-15T09:23:17.790Z",
        "user": [
            "superuser"
        ],
        "content_type": [
            "auth",
            "user"
        ],
        "object_id": "4",
        "object_repr": "nurse1",
        "action_flag": 2,
        "change_message": "[]"
    }
},
{
    "model": "admin.logentry",
    "pk": 4,
    "fields": {
        "action_time": "1965-03-15T09:23:24.531Z",
        "user": [
            "superuser"
        ],
        "content_type": [
            "auth",
            "user"
        ],
        "object_id": "5",
        "object_repr": "nurse2",
        "action_flag": 2,
        "change_message": "[]"
    }
},
{
    "model": "admin.logentry",
    "pk": 5,
    "fields": {
        "action_time": "1945-03-15T09:23:29.832Z",
        "user": [
            "superuser"
        ],
        "content_type": [
            "auth",
            "user"
        ],
        "object_id": "7",
        "object_repr": "nurse4",
        "action_flag": 2,
        "change_message": "[]"
    }
},
{
    "model": "admin.logentry",
    "pk": 6,
    "fields": {
        "action_time": "1956-03-15T09:23:34.949Z",
        "user": [
            "superuser"
        ],
        "content_type": [
            "auth",
            "user"
        ],
        "object_id": "8",
        "object_repr": "nurse5",
        "action_flag": 2,
        "change_message": "[]"
    }
},
{
    "model": "admin.logentry",
    "pk": 7,
    "fields": {
        "action_time": "1968-03-15T09:23:40.602Z",
        "user": [
            "superuser"
        ],
        "content_type": [
            "auth",
            "user"
        ],
        "object_id": "1",
        "object_repr": "superuser",
        "action_flag": 2,
        "change_message": "[]"
    }
},
{
    "model": "admin.logentry",
    "pk": 8,
    "fields": {
        "action_time": "1953-03-15T09:23:46.339Z",
        "user": [
            "superuser"
        ],
        "content_type": [
            "auth",
            "user"
        ],
        "object_id": "6",
        "object_repr": "nurse3",
        "action_flag": 2,
        "change_message": "[]"
    }
},
{
    "model": "admin.logentry",
    "pk": 9,
    "fields": {
        "action_time": "1990-03-15T09:23:51.333Z",
        "user": [
            "superuser"
        ],
        "content_type": [
            "auth",
            "user"
        ],
        "object_id": "4",
        "object_repr": "nurse1",
        "action_flag": 2,
        "change_message": "[]"
    }
},
{
    "model": "admin.logentry",
    "pk": 10,
    "fields": {
        "action_time": "2018-03-16T06:35:54.397Z",
        "user": [
            "superuser"
        ],
        "content_type": [
            "OKareApp",
            "task"
        ],
        "object_id": "1",
        "object_repr": "Task object",
        "action_flag": 1,
        "change_message": "[{\"added\": {}}]"
    }
},
{
    "model": "admin.logentry",
    "pk": 11,
    "fields": {
        "action_time": "2018-03-16T10:57:10.424Z",
        "user": [
            "superuser"
        ],
        "content_type": [
            "OKareApp",
            "completedtask"
        ],
        "object_id": "9",
        "object_repr": "CompletedTask object",
        "action_flag": 2,
        "change_message": "[{\"changed\": {\"fields\": [\"nurse\", \"date\"]}}]"
    }
},
{
    "model": "admin.logentry",
    "pk": 12,
    "fields": {
        "action_time": "2018-03-16T10:57:11.481Z",
        "user": [
            "superuser"
        ],
        "content_type": [
            "OKareApp",
            "completedtask"
        ],
        "object_id": "9",
        "object_repr": "CompletedTask object",
        "action_flag": 2,
        "change_message": "[]"
    }
},
{
    "model": "admin.logentry",
    "pk": 13,
    "fields": {
        "action_time": "2018-03-16T10:57:31.042Z",
        "user": [
            "superuser"
        ],
        "content_type": [
            "OKareApp",
            "completedtask"
        ],
        "object_id": "8",
        "object_repr": "CompletedTask object",
        "action_flag": 2,
        "change_message": "[{\"changed\": {\"fields\": [\"nurse\", \"duration\", \"date\"]}}]"
    }
},
{
    "model": "admin.logentry",
    "pk": 14,
    "fields": {
        "action_time": "2018-03-16T10:57:39.680Z",
        "user": [
            "superuser"
        ],
        "content_type": [
            "OKareApp",
            "completedtask"
        ],
        "object_id": "7",
        "object_repr": "CompletedTask object",
        "action_flag": 2,
        "change_message": "[{\"changed\": {\"fields\": [\"nurse\", \"date\"]}}]"
    }
},
{
    "model": "admin.logentry",
    "pk": 15,
    "fields": {
        "action_time": "2018-03-16T10:57:45.323Z",
        "user": [
            "superuser"
        ],
        "content_type": [
            "OKareApp",
            "completedtask"
        ],
        "object_id": "6",
        "object_repr": "CompletedTask object",
        "action_flag": 2,
        "change_message": "[{\"changed\": {\"fields\": [\"nurse\", \"date\"]}}]"
    }
},
{
    "model": "admin.logentry",
    "pk": 16,
    "fields": {
        "action_time": "2018-03-16T10:57:50.540Z",
        "user": [
            "superuser"
        ],
        "content_type": [
            "OKareApp",
            "completedtask"
        ],
        "object_id": "3",
        "object_repr": "CompletedTask object",
        "action_flag": 2,
        "change_message": "[{\"changed\": {\"fields\": [\"nurse\", \"date\"]}}]"
    }
},
{
    "model": "admin.logentry",
    "pk": 17,
    "fields": {
        "action_time": "2018-03-16T10:57:54.962Z",
        "user": [
            "superuser"
        ],
        "content_type": [
            "OKareApp",
            "completedtask"
        ],
        "object_id": "1",
        "object_repr": "CompletedTask object",
        "action_flag": 2,
        "change_message": "[{\"changed\": {\"fields\": [\"nurse\", \"date\"]}}]"
    }
},
{
    "model": "admin.logentry",
    "pk": 18,
    "fields": {
        "action_time": "2018-03-16T10:57:59.522Z",
        "user": [
            "superuser"
        ],
        "content_type": [
            "OKareApp",
            "completedtask"
        ],
        "object_id": "2",
        "object_repr": "CompletedTask object",
        "action_flag": 2,
        "change_message": "[{\"changed\": {\"fields\": [\"nurse\", \"date\"]}}]"
    }
},
{
    "model": "admin.logentry",
    "pk": 19,
    "fields": {
        "action_time": "2018-03-16T10:58:03.961Z",
        "user": [
            "superuser"
        ],
        "content_type": [
            "OKareApp",
            "completedtask"
        ],
        "object_id": "6",
        "object_repr": "CompletedTask object",
        "action_flag": 2,
        "change_message": "[]"
    }
},
{
    "model": "admin.logentry",
    "pk": 20,
    "fields": {
        "action_time": "2018-03-16T10:58:05.823Z",
        "user": [
            "superuser"
        ],
        "content_type": [
            "OKareApp",
            "completedtask"
        ],
        "object_id": "9",
        "object_repr": "CompletedTask object",
        "action_flag": 2,
        "change_message": "[]"
    }
},
{
    "model": "admin.logentry",
    "pk": 21,
    "fields": {
        "action_time": "2018-03-16T10:58:07.928Z",
        "user": [
            "superuser"
        ],
        "content_type": [
            "OKareApp",
            "completedtask"
        ],
        "object_id": "8",
        "object_repr": "CompletedTask object",
        "action_flag": 2,
        "change_message": "[]"
    }
},
{
    "model": "admin.logentry",
    "pk": 22,
    "fields": {
        "action_time": "2018-03-16T10:58:10.045Z",
        "user": [
            "superuser"
        ],
        "content_type": [
            "OKareApp",
            "completedtask"
        ],
        "object_id": "7",
        "object_repr": "CompletedTask object",
        "action_flag": 2,
        "change_message": "[]"
    }
},
{
    "model": "admin.logentry",
    "pk": 23,
    "fields": {
        "action_time": "2018-03-16T10:58:12.453Z",
        "user": [
            "superuser"
        ],
        "content_type": [
            "OKareApp",
            "completedtask"
        ],
        "object_id": "6",
        "object_repr": "CompletedTask object",
        "action_flag": 2,
        "change_message": "[]"
    }
},
{
    "model": "admin.logentry",
    "pk": 24,
    "fields": {
        "action_time": "2018-03-16T10:58:18.479Z",
        "user": [
            "superuser"
        ],
        "content_type": [
            "OKareApp",
            "completedtask"
        ],
        "object_id": "5",
        "object_repr": "CompletedTask object",
        "action_flag": 2,
        "change_message": "[{\"changed\": {\"fields\": [\"nurse\", \"date\"]}}]"
    }
},
{
    "model": "admin.logentry",
    "pk": 25,
    "fields": {
        "action_time": "2018-03-16T10:58:25.764Z",
        "user": [
            "superuser"
        ],
        "content_type": [
            "OKareApp",
            "completedtask"
        ],
        "object_id": "4",
        "object_repr": "CompletedTask object",
        "action_flag": 2,
        "change_message": "[{\"changed\": {\"fields\": [\"nurse\", \"date\"]}}]"
    }
},
{
    "model": "admin.logentry",
    "pk": 26,
    "fields": {
        "action_time": "2018-03-16T10:58:31.574Z",
        "user": [
            "superuser"
        ],
        "content_type": [
            "OKareApp",
            "completedtask"
        ],
        "object_id": "3",
        "object_repr": "CompletedTask object",
        "action_flag": 2,
        "change_message": "[]"
    }
},
{
    "model": "admin.logentry",
    "pk": 27,
    "fields": {
        "action_time": "2018-03-16T10:58:37.823Z",
        "user": [
            "superuser"
        ],
        "content_type": [
            "OKareApp",
            "completedtask"
        ],
        "object_id": "2",
        "object_repr": "CompletedTask object",
        "action_flag": 2,
        "change_message": "[]"
    }
},
{
    "model": "admin.logentry",
    "pk": 28,
    "fields": {
        "action_time": "2018-03-16T10:58:39.921Z",
        "user": [
            "superuser"
        ],
        "content_type": [
            "OKareApp",
            "completedtask"
        ],
        "object_id": "1",
        "object_repr": "CompletedTask object",
        "action_flag": 2,
        "change_message": "[]"
    }
},
{
    "model": "admin.logentry",
    "pk": 29,
    "fields": {
        "action_time": "2018-03-16T15:05:15.476Z",
        "user": [
            "admin"
        ],
        "content_type": [
            "OKareApp",
            "task"
        ],
        "object_id": "19",
        "object_repr": "Task Title: A Monthly Task | Start Time: 23:04:30 | Date: 2018-02-06 | Day: Tuesday | patient: SERIOUS LEE | recur_type: Monthly",
        "action_flag": 1,
        "change_message": "[{\"added\": {}}]"
    }
},
{
    "model": "admin.logentry",
    "pk": 30,
    "fields": {
        "action_time": "2018-03-16T15:05:32.489Z",
        "user": [
            "admin"
        ],
        "content_type": [
            "OKareApp",
            "task"
        ],
        "object_id": "19",
        "object_repr": "Task Title: A Monthly Task | Start Time: 23:04:30 | Date: 2018-02-09 | Day: Friday | patient: SERIOUS LEE | recur_type: Monthly",
        "action_flag": 2,
        "change_message": "[{\"changed\": {\"fields\": [\"date\", \"day\"]}}]"
    }
},
{
    "model": "admin.logentry",
    "pk": 31,
    "fields": {
        "action_time": "2018-03-16T15:07:26.626Z",
        "user": [
            "admin"
        ],
        "content_type": [
            "OKareApp",
            "task"
        ],
        "object_id": "19",
        "object_repr": "Task Title: A Monthly Task | Start Time: 23:04:30 | Date: 2018-02-16 | Day: Friday | patient: SERIOUS LEE | recur_type: Monthly",
        "action_flag": 2,
        "change_message": "[{\"changed\": {\"fields\": [\"date\"]}}]"
    }
},
{
    "model": "admin.logentry",
    "pk": 32,
    "fields": {
        "action_time": "2018-03-16T15:08:09.325Z",
        "user": [
            "admin"
        ],
        "content_type": [
            "OKareApp",
            "task"
        ],
        "object_id": "19",
        "object_repr": "Task Title: A Monthly Task | Start Time: 08:00:20 | Date: 2018-02-16 | Day: Friday | patient: SERIOUS LEE | recur_type: Monthly",
        "action_flag": 2,
        "change_message": "[{\"changed\": {\"fields\": [\"start_time\"]}}]"
    }
},
{
    "model": "admin.logentry",
    "pk": 33,
    "fields": {
        "action_time": "2018-03-16T15:10:19.458Z",
        "user": [
            "admin"
        ],
        "content_type": [
            "OKareApp",
            "task"
        ],
        "object_id": "19",
        "object_repr": "Task Title: A Monthly Task | Start Time: 08:00:20 | Date: 2018-02-17 | Day: Saturday | patient: SERIOUS LEE | recur_type: Monthly",
        "action_flag": 2,
        "change_message": "[{\"changed\": {\"fields\": [\"date\", \"day\"]}}]"
    }
},
{
    "model": "admin.logentry",
    "pk": 34,
    "fields": {
        "action_time": "2018-03-16T15:11:07.372Z",
        "user": [
            "admin"
        ],
        "content_type": [
            "OKareApp",
            "task"
        ],
        "object_id": "20",
        "object_repr": "Task Title: A Weekly Task | Start Time: 00:00:00 | Date: 2018-03-10 | Day: Saturday | patient: HANDSOME LEE | recur_type: Weekly",
        "action_flag": 1,
        "change_message": "[{\"added\": {}}]"
    }
},
{
    "model": "admin.logentry",
    "pk": 35,
    "fields": {
        "action_time": "2018-03-16T15:54:35.627Z",
        "user": [
            "admin"
        ],
        "content_type": [
            "OKareApp",
            "task"
        ],
        "object_id": "21",
        "object_repr": "Task Title: A daily task | Start Time: 00:00:00 | Date: 2018-03-17 | Day: 5 | patient: ANGRY LEE | recur_type: Daily",
        "action_flag": 1,
        "change_message": "[{\"added\": {}}]"
    }
},
{
    "model": "admin.logentry",
    "pk": 36,
    "fields": {
        "action_time": "2018-03-16T15:55:14.594Z",
        "user": [
            "admin"
        ],
        "content_type": [
            "OKareApp",
            "task"
        ],
        "object_id": "22",
        "object_repr": "Task Title: An Adhoc Task | Start Time: 00:00:00 | Date: 2018-03-17 | Day: 5 | patient: BENT LEE | recur_type: Monthly",
        "action_flag": 1,
        "change_message": "[{\"added\": {}}]"
    }
},
{
    "model": "admin.logentry",
    "pk": 37,
    "fields": {
        "action_time": "2018-03-16T15:55:45.308Z",
        "user": [
            "admin"
        ],
        "content_type": [
            "OKareApp",
            "task"
        ],
        "object_id": "19",
        "object_repr": "Task Title: A Monthly Task | Start Time: 00:00:00 | Date: 2018-02-17 | Day: 5 | patient: SERIOUS LEE | recur_type: Monthly",
        "action_flag": 2,
        "change_message": "[{\"changed\": {\"fields\": [\"start_time\"]}}]"
    }
},
{
    "model": "admin.logentry",
    "pk": 38,
    "fields": {
        "action_time": "2018-03-16T16:07:18.548Z",
        "user": [
            "admin"
        ],
        "content_type": [
            "OKareApp",
            "task"
        ],
        "object_id": "19",
        "object_repr": "Task Title: A Monthly Task | Start Time: 12:00:00 | Date: 2018-02-17 | Day: 5 | patient: SERIOUS LEE | recur_type: Monthly",
        "action_flag": 2,
        "change_message": "[{\"changed\": {\"fields\": [\"start_time\"]}}]"
    }
},
{
    "model": "admin.logentry",
    "pk": 39,
    "fields": {
        "action_time": "2018-03-16T16:07:25.598Z",
        "user": [
            "admin"
        ],
        "content_type": [
            "OKareApp",
            "task"
        ],
        "object_id": "20",
        "object_repr": "Task Title: A Weekly Task | Start Time: 12:00:00 | Date: 2018-03-10 | Day: 5 | patient: HANDSOME LEE | recur_type: Weekly",
        "action_flag": 2,
        "change_message": "[{\"changed\": {\"fields\": [\"start_time\"]}}]"
    }
},
{
    "model": "admin.logentry",
    "pk": 40,
    "fields": {
        "action_time": "2018-03-16T16:07:31.637Z",
        "user": [
            "admin"
        ],
        "content_type": [
            "OKareApp",
            "task"
        ],
        "object_id": "21",
        "object_repr": "Task Title: A daily task | Start Time: 12:00:00 | Date: 2018-03-17 | Day: 5 | patient: ANGRY LEE | recur_type: Daily",
        "action_flag": 2,
        "change_message": "[{\"changed\": {\"fields\": [\"start_time\"]}}]"
    }
},
{
    "model": "admin.logentry",
    "pk": 41,
    "fields": {
        "action_time": "2018-03-16T16:07:44.311Z",
        "user": [
            "admin"
        ],
        "content_type": [
            "OKareApp",
            "task"
        ],
        "object_id": "22",
        "object_repr": "Task Title: An Adhoc Task | Start Time: 12:00:00 | Date: 2018-03-17 | Day: 5 | patient: BENT LEE | recur_type: Monthly",
        "action_flag": 2,
        "change_message": "[{\"changed\": {\"fields\": [\"start_time\"]}}]"
    }
},
{
    "model": "admin.logentry",
    "pk": 42,
    "fields": {
        "action_time": "2018-03-16T16:08:15.666Z",
        "user": [
            "admin"
        ],
        "content_type": [
            "OKareApp",
            "task"
        ],
        "object_id": "23",
        "object_repr": "Task Title: An unwanted monthly task | Start Time: 12:00:00 | Date: 2018-03-10 | Day: 5 | patient: SERIOUS LEE | recur_type: Monthly",
        "action_flag": 1,
        "change_message": "[{\"added\": {}}]"
    }
},
{
    "model": "admin.logentry",
    "pk": 43,
    "fields": {
        "action_time": "2018-03-16T16:09:03.548Z",
        "user": [
            "admin"
        ],
        "content_type": [
            "OKareApp",
            "task"
        ],
        "object_id": "24",
        "object_repr": "Task Title: An unwanted weekly task | Start Time: 12:00:00 | Date: 2018-03-07 | Day: 2 | patient: ANGRY LEE | recur_type: Weekly",
        "action_flag": 1,
        "change_message": "[{\"added\": {}}]"
    }
},
{
    "model": "admin.logentry",
    "pk": 44,
    "fields": {
        "action_time": "2018-03-16T16:12:21.257Z",
        "user": [
            "admin"
        ],
        "content_type": [
            "OKareApp",
            "task"
        ],
        "object_id": "22",
        "object_repr": "Task Title: An Adhoc Task | Start Time: 12:00:00 | Date: 2018-03-17 | Day: 5 | patient: BENT LEE | recur_type: None",
        "action_flag": 2,
        "change_message": "[{\"changed\": {\"fields\": [\"recur_type\"]}}]"
    }
},
{
    "model": "admin.logentry",
    "pk": 45,
    "fields": {
        "action_time": "2018-03-16T16:13:25.930Z",
        "user": [
            "admin"
        ],
        "content_type": [
            "OKareApp",
            "task"
        ],
        "object_id": "25",
        "object_repr": "Task Title: An unwanted adhoc task | Start Time: 12:00:00 | Date: 2018-03-18 | Day: 5 | patient: SAD LEE | recur_type: None",
        "action_flag": 1,
        "change_message": "[{\"added\": {}}]"
    }
},
{
    "model": "admin.logentry",
    "pk": 46,
    "fields": {
        "action_time": "2018-03-16T16:48:59.460Z",
        "user": [
            "admin"
        ],
        "content_type": [
            "OKareApp",
            "task"
        ],
        "object_id": "26",
        "object_repr": "Task Title: Another unwanted weekly task | Start Time: 00:00:00 | Date: 2018-03-10 | Day: 6 | patient: BENT LEE | recur_type: Weekly",
        "action_flag": 1,
        "change_message": "[{\"added\": {}}]"
    }
},
{
    "model": "admin.logentry",
    "pk": 47,
    "fields": {
        "action_time": "2018-03-16T16:49:05.206Z",
        "user": [
            "admin"
        ],
        "content_type": [
            "OKareApp",
            "task"
        ],
        "object_id": "26",
        "object_repr": "Task Title: Another unwanted weekly task | Start Time: 00:00:00 | Date: 2018-03-10 | Day: 5 | patient: BENT LEE | recur_type: Weekly",
        "action_flag": 2,
        "change_message": "[{\"changed\": {\"fields\": [\"day\"]}}]"
    }
},
{
    "model": "admin.logentry",
    "pk": 48,
    "fields": {
        "action_time": "2018-03-17T09:47:06.445Z",
        "user": [
            "admin"
        ],
        "content_type": [
            "auth",
            "user"
        ],
        "object_id": "10",
        "object_repr": "S12345678B",
        "action_flag": 1,
        "change_message": "[{\"added\": {}}]"
    }
},
{
    "model": "admin.logentry",
    "pk": 49,
    "fields": {
        "action_time": "2018-03-17T09:47:46.735Z",
        "user": [
            "admin"
        ],
        "content_type": [
            "auth",
            "user"
        ],
        "object_id": "10",
        "object_repr": "nurse6",
        "action_flag": 2,
        "change_message": "[{\"changed\": {\"fields\": [\"username\"]}}]"
    }
},
{
    "model": "admin.logentry",
    "pk": 50,
    "fields": {
        "action_time": "2018-03-17T09:48:17.507Z",
        "user": [
            "admin"
        ],
        "content_type": [
            "OKareApp",
            "account"
        ],
        "object_id": "S12345678",
        "object_repr": "Account object (S12345678)",
        "action_flag": 1,
        "change_message": "[{\"added\": {}}]"
    }
},
{
    "model": "admin.logentry",
    "pk": 51,
    "fields": {
        "action_time": "2018-03-18T06:36:20.802Z",
        "user": [
            "admin"
        ],
        "content_type": [
            "OKareApp",
            "account"
        ],
        "object_id": "S9898898G",
        "object_repr": "NRIC: S9898898G | TYPE: Nurse | TEAM: Teams object (4)",
        "action_flag": 2,
        "change_message": "[{\"changed\": {\"fields\": [\"team\"]}}]"
    }
},
{
    "model": "admin.logentry",
    "pk": 52,
    "fields": {
        "action_time": "2018-03-18T06:38:36.103Z",
        "user": [
            "admin"
        ],
        "content_type": [
            "OKareApp",
            "account"
        ],
        "object_id": "S9898898G",
        "object_repr": "NRIC: S9898898G | TYPE: Nurse | TEAM: Teams object (4) | Username: nurse5",
        "action_flag": 2,
        "change_message": "[{\"changed\": {\"fields\": [\"user\"]}}]"
    }
},
{
    "model": "admin.logentry",
    "pk": 53,
    "fields": {
        "action_time": "2018-03-18T12:30:51.580Z",
        "user": [
            "admin"
        ],
        "content_type": [
            "OKareApp",
            "helprequest"
        ],
        "object_id": "5",
        "object_repr": "Task: Breakfast | Requester: NRIC: S9232342G | TYPE: Nurse | TEAM: Teams object (4) | Username: nurse3 | Helper: NRIC: S9232342G | TYPE: Nurse | TEAM: Teams object (4) | Username: nurse3 | Ongoing Tas",
        "action_flag": 2,
        "change_message": "[{\"changed\": {\"fields\": [\"helper\"]}}]"
    }
},
{
    "model": "admin.logentry",
    "pk": 54,
    "fields": {
        "action_time": "2018-03-18T12:58:54.144Z",
        "user": [
            "admin"
        ],
        "content_type": [
            "auth",
            "user"
        ],
        "object_id": "11",
        "object_repr": "nurse7",
        "action_flag": 1,
        "change_message": "[{\"added\": {}}]"
    }
},
{
    "model": "admin.logentry",
    "pk": 55,
    "fields": {
        "action_time": "2018-03-18T12:59:10.128Z",
        "user": [
            "admin"
        ],
        "content_type": [
            "OKareApp",
            "account"
        ],
        "object_id": "S9876543A",
        "object_repr": "NRIC: S9876543A | TYPE: Nurse | TEAM: Teams object (4) | Username: nurse7",
        "action_flag": 1,
        "change_message": "[{\"added\": {}}]"
    }
},
{
    "model": "admin.logentry",
    "pk": 56,
    "fields": {
        "action_time": "2018-03-18T12:59:22.300Z",
        "user": [
            "admin"
        ],
        "content_type": [
            "OKareApp",
            "helprequest"
        ],
        "object_id": "4",
        "object_repr": "Task: Breakfast | Requester: NRIC: S9232342G | TYPE: Nurse | TEAM: Teams object (4) | Username: nurse3 | Helper: NRIC: S9876543A | TYPE: Nurse | TEAM: Teams object (4) | Username: nurse7 | Ongoing Tas",
        "action_flag": 2,
        "change_message": "[{\"changed\": {\"fields\": [\"helper\"]}}]"
    }
},
{
    "model": "admin.logentry",
    "pk": 57,
    "fields": {
        "action_time": "2018-03-18T13:20:25.265Z",
        "user": [
            "admin"
        ],
        "content_type": [
            "auth",
            "user"
        ],
        "object_id": "10",
        "object_repr": "nurse6",
        "action_flag": 2,
        "change_message": "[{\"changed\": {\"fields\": [\"first_name\", \"last_name\"]}}]"
    }
},
{
    "model": "admin.logentry",
    "pk": 58,
    "fields": {
        "action_time": "2018-03-18T13:20:40.196Z",
        "user": [
            "admin"
        ],
        "content_type": [
            "auth",
            "user"
        ],
        "object_id": "11",
        "object_repr": "nurse7",
        "action_flag": 2,
        "change_message": "[{\"changed\": {\"fields\": [\"first_name\", \"last_name\"]}}]"
    }
},
{
    "model": "admin.logentry",
    "pk": 59,
    "fields": {
        "action_time": "2018-03-18T13:57:17.666Z",
        "user": [
            "admin"
        ],
        "content_type": [
            "OKareApp",
            "ongoingtask"
        ],
        "object_id": "5",
        "object_repr": "Ongoing Task - 5 : Dinner assigned to S9765453G ",
        "action_flag": 1,
        "change_message": "[{\"added\": {}}]"
    }
},
{
    "model": "admin.logentry",
    "pk": 60,
    "fields": {
        "action_time": "2018-03-18T14:04:50.892Z",
        "user": [
            "admin"
        ],
        "content_type": [
            "OKareApp",
            "account"
        ],
        "object_id": "S9765453G",
        "object_repr": "NRIC: S9765453G | TYPE: Nurse | TEAM: Teams object (3) | Username: nurse1",
        "action_flag": 2,
        "change_message": "[{\"changed\": {\"fields\": [\"team\"]}}]"
    }
},
{
    "model": "admin.logentry",
    "pk": 61,
    "fields": {
        "action_time": "2018-03-18T14:05:06.029Z",
        "user": [
            "admin"
        ],
        "content_type": [
            "OKareApp",
            "account"
        ],
        "object_id": "S9765453G",
        "object_repr": "NRIC: S9765453G | TYPE: Nurse | TEAM: Teams object (2) | Username: nurse1",
        "action_flag": 2,
        "change_message": "[{\"changed\": {\"fields\": [\"team\"]}}]"
    }
},
{
    "model": "admin.logentry",
    "pk": 62,
    "fields": {
        "action_time": "2018-03-18T14:22:17.831Z",
        "user": [
            "admin"
        ],
        "content_type": [
            "OKareApp",
            "helprequestnotification"
        ],
        "object_id": "5",
        "object_repr": "HelpRequestNotification object (5)",
        "action_flag": 2,
        "change_message": "[{\"changed\": {\"fields\": [\"read\"]}}]"
    }
},
{
    "model": "admin.logentry",
    "pk": 63,
    "fields": {
        "action_time": "2018-03-18T14:22:21.683Z",
        "user": [
            "admin"
        ],
        "content_type": [
            "OKareApp",
            "helprequestnotification"
        ],
        "object_id": "4",
        "object_repr": "HelpRequestNotification object (4)",
        "action_flag": 2,
        "change_message": "[{\"changed\": {\"fields\": [\"read\"]}}]"
    }
},
{
    "model": "admin.logentry",
    "pk": 64,
    "fields": {
        "action_time": "2018-03-18T14:22:26.743Z",
        "user": [
            "admin"
        ],
        "content_type": [
            "OKareApp",
            "helprequestnotification"
        ],
        "object_id": "3",
        "object_repr": "HelpRequestNotification object (3)",
        "action_flag": 2,
        "change_message": "[{\"changed\": {\"fields\": [\"read\"]}}]"
    }
},
{
    "model": "admin.logentry",
    "pk": 65,
    "fields": {
        "action_time": "2018-03-18T14:22:31.484Z",
        "user": [
            "admin"
        ],
        "content_type": [
            "OKareApp",
            "helprequestnotification"
        ],
        "object_id": "2",
        "object_repr": "HelpRequestNotification object (2)",
        "action_flag": 2,
        "change_message": "[{\"changed\": {\"fields\": [\"read\"]}}]"
    }
},
{
    "model": "admin.logentry",
    "pk": 66,
    "fields": {
        "action_time": "2018-03-18T14:22:35.243Z",
        "user": [
            "admin"
        ],
        "content_type": [
            "OKareApp",
            "helprequestnotification"
        ],
        "object_id": "1",
        "object_repr": "HelpRequestNotification object (1)",
        "action_flag": 2,
        "change_message": "[{\"changed\": {\"fields\": [\"read\"]}}]"
    }
},
{
    "model": "admin.logentry",
    "pk": 67,
    "fields": {
        "action_time": "2018-03-18T14:22:51.119Z",
        "user": [
            "admin"
        ],
        "content_type": [
            "OKareApp",
            "helprequestnotification"
        ],
        "object_id": "1",
        "object_repr": "HelpRequestNotification object (1)",
        "action_flag": 2,
        "change_message": "[{\"changed\": {\"fields\": [\"read\"]}}]"
    }
},
{
    "model": "admin.logentry",
    "pk": 68,
    "fields": {
        "action_time": "2018-03-18T14:51:20.835Z",
        "user": [
            "admin"
        ],
        "content_type": [
            "OKareApp",
            "helprequest"
        ],
        "object_id": "4",
        "object_repr": "Task: Breakfast | Requester: NRIC: S9232342G | TYPE: Nurse | TEAM: Teams object (4) | Username: nurse3 | Helper: NRIC: S9898898G | TYPE: Nurse | TEAM: Teams object (4) | Username: nurse5 | Ongoing Tas",
        "action_flag": 2,
        "change_message": "[{\"changed\": {\"fields\": [\"helper\"]}}]"
    }
},
{
    "model": "admin.logentry",
    "pk": 69,
    "fields": {
        "action_time": "2018-03-18T14:55:02.318Z",
        "user": [
            "admin"
        ],
        "content_type": [
            "OKareApp",
            "helprequestnotification"
        ],
        "object_id": "5",
        "object_repr": "HelpRequestNotification object (5)",
        "action_flag": 2,
        "change_message": "[{\"changed\": {\"fields\": [\"read\"]}}]"
    }
},
{
    "model": "admin.logentry",
    "pk": 70,
    "fields": {
        "action_time": "2018-03-18T15:00:09.847Z",
        "user": [
            "admin"
        ],
        "content_type": [
            "OKareApp",
            "helprequestnotification"
        ],
        "object_id": "1",
        "object_repr": "reader: Bye Hello for help request 2",
        "action_flag": 2,
        "change_message": "[{\"changed\": {\"fields\": [\"read\"]}}]"
    }
},
{
    "model": "admin.logentry",
    "pk": 71,
    "fields": {
        "action_time": "2018-03-18T15:19:15.027Z",
        "user": [
            "admin"
        ],
        "content_type": [
            "OKareApp",
            "helprequestnotification"
        ],
        "object_id": "4",
        "object_repr": "reader: Bye Hello for help request 5",
        "action_flag": 2,
        "change_message": "[{\"changed\": {\"fields\": [\"read\"]}}]"
    }
},
{
    "model": "admin.logentry",
    "pk": 72,
    "fields": {
        "action_time": "2018-03-18T15:19:19.617Z",
        "user": [
            "admin"
        ],
        "content_type": [
            "OKareApp",
            "helprequestnotification"
        ],
        "object_id": "3",
        "object_repr": "reader: Bye Hello for help request 4",
        "action_flag": 2,
        "change_message": "[{\"changed\": {\"fields\": [\"read\"]}}]"
    }
},
{
    "model": "admin.logentry",
    "pk": 73,
    "fields": {
        "action_time": "2018-03-18T15:19:23.945Z",
        "user": [
            "admin"
        ],
        "content_type": [
            "OKareApp",
            "helprequestnotification"
        ],
        "object_id": "2",
        "object_repr": "reader: Bye Hello for help request 3",
        "action_flag": 2,
        "change_message": "[{\"changed\": {\"fields\": [\"read\"]}}]"
    }
},
{
    "model": "admin.logentry",
    "pk": 74,
    "fields": {
        "action_time": "2018-03-18T15:19:27.961Z",
        "user": [
            "admin"
        ],
        "content_type": [
            "OKareApp",
            "helprequestnotification"
        ],
        "object_id": "1",
        "object_repr": "reader: Bye Hello for help request 2",
        "action_flag": 2,
        "change_message": "[{\"changed\": {\"fields\": [\"read\"]}}]"
    }
},
{
    "model": "admin.logentry",
    "pk": 75,
    "fields": {
        "action_time": "2018-03-18T15:20:06.700Z",
        "user": [
            "admin"
        ],
        "content_type": [
            "OKareApp",
            "helprequestnotification"
        ],
        "object_id": "5",
        "object_repr": "reader: Bye Hello for help request 1",
        "action_flag": 3,
        "change_message": ""
    }
},
{
    "model": "admin.logentry",
    "pk": 76,
    "fields": {
        "action_time": "2018-03-18T15:20:06.894Z",
        "user": [
            "admin"
        ],
        "content_type": [
            "OKareApp",
            "helprequestnotification"
        ],
        "object_id": "4",
        "object_repr": "reader: Bye Hello for help request 5",
        "action_flag": 3,
        "change_message": ""
    }
},
{
    "model": "admin.logentry",
    "pk": 77,
    "fields": {
        "action_time": "2018-03-18T15:20:07.086Z",
        "user": [
            "admin"
        ],
        "content_type": [
            "OKareApp",
            "helprequestnotification"
        ],
        "object_id": "3",
        "object_repr": "reader: Bye Hello for help request 4",
        "action_flag": 3,
        "change_message": ""
    }
},
{
    "model": "admin.logentry",
    "pk": 78,
    "fields": {
        "action_time": "2018-03-18T15:20:07.269Z",
        "user": [
            "admin"
        ],
        "content_type": [
            "OKareApp",
            "helprequestnotification"
        ],
        "object_id": "2",
        "object_repr": "reader: Bye Hello for help request 3",
        "action_flag": 3,
        "change_message": ""
    }
},
{
    "model": "admin.logentry",
    "pk": 79,
    "fields": {
        "action_time": "2018-03-18T15:20:07.429Z",
        "user": [
            "admin"
        ],
        "content_type": [
            "OKareApp",
            "helprequestnotification"
        ],
        "object_id": "1",
        "object_repr": "reader: Bye Hello for help request 2",
        "action_flag": 3,
        "change_message": ""
    }
},
{
    "model": "admin.logentry",
    "pk": 80,
    "fields": {
        "action_time": "2018-03-18T15:20:27.420Z",
        "user": [
            "admin"
        ],
        "content_type": [
            "OKareApp",
            "helprequestnotification"
        ],
        "object_id": "9",
        "object_repr": "reader: Bye Hello for help request 5",
        "action_flag": 3,
        "change_message": ""
    }
},
{
    "model": "admin.logentry",
    "pk": 81,
    "fields": {
        "action_time": "2018-03-18T15:20:27.618Z",
        "user": [
            "admin"
        ],
        "content_type": [
            "OKareApp",
            "helprequestnotification"
        ],
        "object_id": "8",
        "object_repr": "reader: Bye Hello for help request 3",
        "action_flag": 3,
        "change_message": ""
    }
},
{
    "model": "admin.logentry",
    "pk": 82,
    "fields": {
        "action_time": "2018-03-18T15:20:27.810Z",
        "user": [
            "admin"
        ],
        "content_type": [
            "OKareApp",
            "helprequestnotification"
        ],
        "object_id": "7",
        "object_repr": "reader: Bye Hello for help request 2",
        "action_flag": 3,
        "change_message": ""
    }
},
{
    "model": "admin.logentry",
    "pk": 83,
    "fields": {
        "action_time": "2018-03-18T15:20:27.993Z",
        "user": [
            "admin"
        ],
        "content_type": [
            "OKareApp",
            "helprequestnotification"
        ],
        "object_id": "6",
        "object_repr": "reader: Bye Hello for help request 1",
        "action_flag": 3,
        "change_message": ""
    }
},
{
    "model": "admin.logentry",
    "pk": 84,
    "fields": {
        "action_time": "2018-03-18T15:21:49.366Z",
        "user": [
            "admin"
        ],
        "content_type": [
            "OKareApp",
            "helprequestnotification"
        ],
        "object_id": "13",
        "object_repr": "reader: Bye Hello for help request 5",
        "action_flag": 3,
        "change_message": ""
    }
},
{
    "model": "admin.logentry",
    "pk": 85,
    "fields": {
        "action_time": "2018-03-18T15:21:49.582Z",
        "user": [
            "admin"
        ],
        "content_type": [
            "OKareApp",
            "helprequestnotification"
        ],
        "object_id": "12",
        "object_repr": "reader: Bye Hello for help request 3",
        "action_flag": 3,
        "change_message": ""
    }
},
{
    "model": "admin.logentry",
    "pk": 86,
    "fields": {
        "action_time": "2018-03-18T15:21:49.774Z",
        "user": [
            "admin"
        ],
        "content_type": [
            "OKareApp",
            "helprequestnotification"
        ],
        "object_id": "11",
        "object_repr": "reader: Bye Hello for help request 2",
        "action_flag": 3,
        "change_message": ""
    }
},
{
    "model": "admin.logentry",
    "pk": 87,
    "fields": {
        "action_time": "2018-03-18T15:21:50.040Z",
        "user": [
            "admin"
        ],
        "content_type": [
            "OKareApp",
            "helprequestnotification"
        ],
        "object_id": "10",
        "object_repr": "reader: Bye Hello for help request 1",
        "action_flag": 3,
        "change_message": ""
    }
},
{
    "model": "admin.logentry",
    "pk": 88,
    "fields": {
        "action_time": "2018-03-18T16:02:41.636Z",
        "user": [
            "admin"
        ],
        "content_type": [
            "OKareApp",
            "helprequestnotification"
        ],
        "object_id": "14",
        "object_repr": "reader: Bye Hello for help request 1",
        "action_flag": 2,
        "change_message": "[{\"changed\": {\"fields\": [\"read\"]}}]"
    }
},
{
    "model": "admin.logentry",
    "pk": 89,
    "fields": {
        "action_time": "2018-03-18T16:02:47.139Z",
        "user": [
            "admin"
        ],
        "content_type": [
            "OKareApp",
            "helprequestnotification"
        ],
        "object_id": "15",
        "object_repr": "reader: Bye Hello for help request 2",
        "action_flag": 2,
        "change_message": "[{\"changed\": {\"fields\": [\"read\"]}}]"
    }
},
{
    "model": "admin.logentry",
    "pk": 90,
    "fields": {
        "action_time": "2018-03-18T16:03:03.834Z",
        "user": [
            "admin"
        ],
        "content_type": [
            "OKareApp",
            "helprequestnotification"
        ],
        "object_id": "17",
        "object_repr": "reader: Bye Hello for help request 5",
        "action_flag": 3,
        "change_message": ""
    }
},
{
    "model": "admin.logentry",
    "pk": 91,
    "fields": {
        "action_time": "2018-03-18T16:03:03.985Z",
        "user": [
            "admin"
        ],
        "content_type": [
            "OKareApp",
            "helprequestnotification"
        ],
        "object_id": "16",
        "object_repr": "reader: Bye Hello for help request 3",
        "action_flag": 3,
        "change_message": ""
    }
},
{
    "model": "admin.logentry",
    "pk": 92,
    "fields": {
        "action_time": "2018-03-18T16:03:04.135Z",
        "user": [
            "admin"
        ],
        "content_type": [
            "OKareApp",
            "helprequestnotification"
        ],
        "object_id": "15",
        "object_repr": "reader: Bye Hello for help request 2",
        "action_flag": 3,
        "change_message": ""
    }
},
{
    "model": "admin.logentry",
    "pk": 93,
    "fields": {
        "action_time": "2018-03-18T16:03:04.303Z",
        "user": [
            "admin"
        ],
        "content_type": [
            "OKareApp",
            "helprequestnotification"
        ],
        "object_id": "14",
        "object_repr": "reader: Bye Hello for help request 1",
        "action_flag": 3,
        "change_message": ""
    }
}
]
